Explore our Brands,สำรวจแบรนด์ของเรา
Help,ความช่วยเหลือ
HELP,ความช่วยเหลือ
Find A Store,ค้นหาร้าน
My Account,บัญชีของฉัน
Search,ค้นหา
Get 20% off your current purchase at checkout by donating $5 to Right to Play foundation! Learn more >>,รับส่วนลด 20% ได้ที่จุดชำระเงิน เมื่อบริจาคเงิน 5 ดอลลาร์ให้กับมูลนิธิ Right to Play เรียนรู้เพิ่มเติม >>
Get 20% off your current purchase at checkout by donating $5 to Right to Play foundation! Learn more >>,รับส่วนลด 20% ได้ที่จุดชำระเงิน เมื่อบริจาคเงิน 5 ดอลลาร์ให้กับมูลนิธิ Right to Play เรียนรู้เพิ่มเติม >>
My Account Login,การเข้าสู่ระบบบัญชีของฉัน
Log in using your account from,เข้าสู่ระบบโดยใช้บัญชีของคุณจาก
What are the benefits?,มีสิทธิประโยชน์ใดบ้าง
New Customers,ลูกค้าใหม่
"Please enter a valid credit card number.","โปรดป้อนหมายเลขที่ถูกต้องในฟิลด์นี้"
Create your free account today and start enjoying the benefits of having an account!,"ลงทะเบียนฟรีวันนี้ และเริ่มรับสิทธิประโยชน์สำหรับสมาชิกได้เลย!"
CREATE ACCOUNT NOW,สร้างบัญชีตอนนี้เลย
Faster checkout,ชำระเงินรวดเร็วกว่า
Track your orders,ติดตามการสั่งซื้อของคุณ
Order history,ประวัติการสั่งซื้อ
Password Recovery,การกู้คืนรหัสผ่าน
UserName,ชื่อผู้ใช้
SUBMIT,ส่ง
SIGN IN WITH YOUR ASICS ID,ลงชื่อเข้าใช้ด้วย ASICS ID ของคุณ
Not registered? Create your ASICS ID,ยังไม่ได้ลงทะเบียนใช่ไหม สร้าง ASICS ID ของคุณ
Email,อีเมล
UserName or Email,ชื่อผู้ใช้หรืออีเมล
Password,รหัสผ่าน
Forgot Your Password?,ลืมรหัสผ่านของคุณใช่ไหม
LOGIN,เข้าสู่ระบบ
SHOP,เลือกซื้อ
MEN ,ชาย
NEW ARRIVALS,สินค้าใหม่
SHOES,รองเท้า
CLOTHING,เสื้อผ้า
ACCESSORIES,สินค้าเบ็ดเตล็ด
SALE,สินค้าลดราคา
EXCLUSIVES,สินค้าพิเศษ
BEST SELLERS,สินค้าขายดี
MEXICO 66,MEXICO 66
WOMEN,หญิง
KIDS,เด็ก
COLLECTIONS,คอลเล็คชัน
MEXICO 66 SD,MEXICO 66 SD
LAWNSHIP 2.0,LAWNSHIP 2.0
COLLABORATIONS,สินค้าร่วมออกแบบ
DISNEY,DISNEY
THE EDITOR,THE EDITOR
MEXICO 66 SLIP ON,MEXICO 66 SLIP ON
MEXICO 66 PARATY,MEXICO 66 PARATY
SERRANO,SERRANO
ULTIMATE 81,ULTIMATE 81
MADE IN JAPAN,ผลิตในญี่ปุ่น
MEXICO DELEGATION,MEXICO DELEGATION
NIPPON MADE,NIPPON MADE
TIGER CORSAIR,TIGER CORSAIR
OT X ANDREA POMPILIO,OT X ANDREA POMPILIO
TALES,เรื่องราว
TIGER TALES,เรื่องราวของ TIGER
CATEGORY,หมวดหมู่
Sort by,เรียงตาม
New to old,ใหม่ไปเก่า
Price high to low,ราคาจากสูงไปต่ำ
Price low to high,ราคาจากต่ำไปสูง
Popularity,ความนิยม
Relevance,ความเกี่ยวข้อง
Filter By,กรองตาม
SIZES,ขนาด
PRICE,ราคา
About,เกี่ยวกับ
About Onitsuka Tiger,เกี่ยวกับ Onitsuka Tiger
Press,ข่าวประชาสัมพันธ์
Careers,ตำแหน่งงาน
Terms & Conditions,ข้อกำหนดและเงื่อนไข
Cookie Policy,นโยบายเกี่ยวกับคุกกี้
Disclaimer,คำจำกัดสิทธิ์ความรับผิดชอบ
Privacy Policy,นโยบายความเป็นส่วนตัว
Consumer Services,บริการผู้ซื้อ
Contact Us,ติดต่อเรา
Returns Policy ,นโยบายการคืนสินค้า
Shipping Information,ข้อมูลการจัดส่ง
FAQ,คำถามที่ถามบ่อย
Order Tracking,การติดตามการสั่งซื้อ
Find A Store,ค้นหาร้าน
Clothing,เสื้อผ้า
Accessories,สินค้าเบ็ดเตล็ด
Sale,สินค้าลดราคา
SIGN UP FOR OUR NEWSLETTER,ลงชื่อสมัครรับจดหมายข่าวของเรา
Sign up for our newsletter to receive special offers and exclusive news about Onitsuka Tiger products.,ลงทะเบียนเพื่อรับจดหมายข่าวของเราเพื่อรับข้อเสนอพิเศษและข่าวพิเศษเกี่ยวกับผลิตภัณฑ์ Onitsuka Tiger
"Be the first to new products, exclusive events and online offers.",เป็นคนแรกที่ได้สัมผัสผลิตภัณฑ์ใหม่ กิจกรรมพิเศษ และข้อเสนอออนไลน์
To subscribe maillist Valid Email address is needed.,คุณต้องกรอกที่อยู่อีเมลที่ถูกต้องเพื่อสมัครสมาชิกกลุ่มรายชื่อเมล
Subscribe,สมัครสมาชิก
CONNECT WITH US,เชื่อมต่อกับเรา
CHANGE LOCATION,เปลี่ยนภูมิภาค
Site Map,แผนที่เว็บไซต์
Cookie Policy,นโยบายเกี่ยวกับคุกกี้
Privacy Policy,นโยบายความเป็นส่วนตัว
Terms & Conditions,ข้อกำหนดและเงื่อนไข
Disclaimer,คำจำกัดสิทธิ์ความรับผิดชอบ
2018 Onitsuka Tiger. All Rights Reserved.,2018 Onitsuka Tiger สงวนลิขสิทธิ์
Invalid UserName,ชื่อผู้ใช้ไม่ถูกต้อง
Password Required,ต้องมีรหัสผ่าน
Invalid entry,รายการไม่ถูกต้อง
Not registered? Create your ASICS ID,ยังไม่ได้ลงทะเบียนใช่ไหม สร้าง ASICS ID ของคุณ
The password you have entered is invalid. Please try again.,รหัสผ่านที่คุณกรอกไม่ถูกต้อง โปรดลองอีกครั้ง
Forgot Your Password?,ลืมรหัสผ่านของคุณใช่ไหม
We require everyone to use the name that they use in everyday life – what their friends call them – on Facebook. Learn more about our name policies.,เรากำหนดให้ทุกคนใช้ชื่อที่ใช้ในชีวิตประจำวัน เช่น ชื่อที่เพื่อนๆ เรียกบน Facebook เรียนรู้เพิ่มเติมเกี่ยวกับนโยบายเกี่ยวกับชื่อของเรา
What's your name?,ชื่อของคุณ
You'll use this when you log in and if you ever need to reset your password.,คุณจะใช้ชื่อนี้เมื่อเข้าสู่ระบบและในกรณีที่คุณต้องการรีเซ็ตรหัสผ่าน
"Enter a combination of at least six numbers, letters and punctuation marks (like ! and &).",กรอกตัวเลข ตัวอักษร และเครื่องหมายวรรคตอน (เช่น ! และ &) รวมกันอย่างน้อยหกตัว
Your password  must be at least 6 characters long. Please try another.,รหัสผ่านของคุณต้องมีความยาวอักขระอย่างน้อย 6 ตัว โปรดลองรหัสผ่านอื่น
Select your date of birth. You can change who can see this later.,เลือกวันเกิดของคุณ คุณสามารถเปลี่ยนผู้ที่สามารถเห็นได้ในภายหลัง
It looks like you've entered the wrong info. Please make sure that you use your real date of birth.,ดูเหมือนว่าคุณกรอกข้อมูลผิด โปรดตรวจสอบว่าคุณใช้วันเกิดที่แท้จริง
The password you have entered is invalid. Please try again.,รหัสผ่านที่คุณกรอกไม่ถูกต้อง โปรดลองอีกครั้ง
PLEASE MAKE SURE…,โปรดตรวจสอบ…
Invalid UserName,ชื่อผู้ใช้ไม่ถูกต้อง
Confirm Password Must Match,รหัสผ่านยืนยันต้องตรงกัน
Ok,ตกลง
Required Fields,กรุณากรอกข้อมูลให้ครบถ้วน
ASICS requires this information so that we may provide our services to you and communicate with you. We will handle your personal data in accordance with our privacy policy.,ASICS ต้องการข้อมูลนี้เพื่อการส่งมอบบริการของเราให้กับคุณ และเพื่อสื่อสารกับคุณ เราจะจัดการกับข้อมูลส่วนบุคคลของคุณโดยให้สอดคล้องกับนโยบายความเป็นส่วนตัวของเรา
By registering I accept the terms & conditions of ASICS ,เมื่อลงทะเบียนเสร็จสิ้น แสดงว่าฉันยอมรับในข้อกำหนดและเงื่อนไขของ ASICS
I would like to receive news and promotions from ASICS by email tailored to my preferences and interests ,ฉันประสงค์ที่จะรับข่าวสารและโปรโมชั่นจาก ASICS ผ่านทางอีเมลที่กำหนดตามความชอบและความสนใจของฉัน
Email,อีเมล
Mobile No,หมายเลขมือถือ
Password,รหัสผ่าน
First Name,ชื่อ
Last Name,นามสกุล
Birthday,วันเกิด
Gender,เพศ
Male,ชาย
Female,หญิง
The account sign-in was incorrect or your account is disabled temporarily. Please wait and try again later,The account sign-in was incorrect or your account is disabled temporarily. Please wait and try again later
Please enter a valid email address (Ex: johndoe@domain.com),กรุณากรอกอีเมล์แอดเดรส (เช่น johndoe@domain.com)
Create an Account,สร้างบัญชีทันที
Create New Customer Account,สร้างบัญชีผู้ใช้งานใหม่
Confirm Password,ยืนยันรหัสผ่าน
"I would like to receive newsletters and information about products, services and events by email, tailored to my interests and preferences as described in the Privacy Policy.",ฉันต้องการรับจดหมายข่าวและข้อมูลสินค้า บริการ และงานกิจกรรมทางอีเมลโดยปรับให้ตรงกับความสนใจของฉันตามที่ระบุไว้ในนโยบายความเป็นส่วนตัว
Minimum length of this field must be equal or greater than 8 symbols. Leading and trailing spaces will be ignored.,ข้อมูลในช่องนี้จะต้องประกอบด้วยอักษรอย่างน้อย 8 ตัว ระบบจะไม่นับช่องว่างด้านหน้าสุดและด้านหลังสุด
"Minimum of different classes of characters in password is 3. Classes of characters: Lower Case, Upper Case, Digits, Special Characters.","ข้อมูลในช่องนี้จะต้องเป็นไปตามเงื่อนไขที่ระบุด้านล่างนี้อย่างน้อย 3 ประการ
เงื่อนไข: มีอักษรตัวพิมพ์เล็ก, มีอักษรตัวพิมพ์ใหญ่, มีตัวเลข, มีอักษรพิเศษอื่น ๆ"
Password Strength: Weak,ระดับความปลอดภัยของรหัสผ่าน: ต่ำ
Password Strength: Strong,ระดับความปลอดภัยของรหัสผ่าน: สูง
Please enter the same value again.,กรุณากรอกข้อมูลเดิมอีกครั้ง
"There is already an account with this email address. If you are sure that it is your email address, <a href='%1'>click here</a> to get your password and access your account.","ระบบมีผู้ใช้งานที่ลงทะเบียนด้วยอีเมล์แอดเดรสนี้แล้ว หากท่านมั่นใจว่านี่คืออีเมล์แอดเดรสของท่าน กรุณา<a href='%1'>คลิกที่นี่</a>เพื่อรับรหัสสำหรับเข้าสู่บัญชีของท่าน"
Faster checkout,ชำระเงินเร็วขึ้น
Fuss-free returns,ผลตอบแทนที่ไม่ยุ่งยาก
Order history tracking,ติดตามประวัติการสั่งซื้อ
Registered Customers,Registered Customers
"If you have an account, sign in with your email address.","หากคุณมีบัญชีผู้ใช้งาน กรุณาลงชื่อเข้าใช้งานด้วยอีเมลแอดเดรสของคุณ"
Sign Up for Newsletter,ลงทะเบียนเพื่อรับจดหมายข่าว
Sign-in Information,ข้อมูลในการลงทะเบียนเข้าใช้งาน
You are signed out,"คุณได้ล๊อคเอ้าท์แล้ว"
You have signed out and will go to our homepage in 5 seconds.,"คุณได้ล๊อคเอ้าท์แล้ว ระบบจะนำคุณกลับไปยังหน้าแรกภายใน 5 วินาที"
Category,หมวดหมู่
Filter By,กรองตาม
Sort By,เรียงตาม
New to old,ใหม่ไปเก่า
Price Low to High,ราคาจากต่ำไปสูง
Price High to Low,ราคาจากสูงไปต่ำ
Popularity,ความนิยม
Relevance,ความเกี่ยวข้อง
STYLE,หมายเลขแบบ
style:,หมายเลขแบบ
Style #:,หมายเลขแบบ
COLORS,สี
WIDTH,ความกว้าง
SIZE,ขนาด
QTY,"จำนวน"
"QTY:","จำนวน"
PRICE,ราคา
Availability:In Stock,ความพร้อมจำหน่าย: มีสินค้าในสต็อก
Availability:In stock,ความพร้อมจำหน่าย: มีสินค้าในสต็อก
Add to Cart,เพิ่มลงในรถเข็น
Size guide,คู่มือขนาด
View Full Details,ดูรายละเอียดทั้งหมด
Free Shipping & Free Returns (Details),การจัดส่งฟรีและการคืนสินค้าฟรี (รายละเอียด)
Need Help?,"ต้องการความช่วยเหลือ?"
Details & Features,รายละเอียดและคุณสมบัติ
Product Details,รายละเอียดผลิตภัณฑ์
All mentioned sizes here are in (US),ทุกขนาดที่กล่าวถึงที่นี่อยู่ใน (US)
Added To Cart,เพิ่มลงในรถเข็น
Order Subtotal,ยอดรวมการสั่งซื้อ
CHECKOUT,ชำระเงิน
View Cart,ดูรถเข็น
Quick View,ดูแบบด่วน
Shopping Cart,รถเข็นช้อปปิ้ง
Product,ผลิตภัณฑ์
Price,ราคา
Qty,"จำนวน"
"Qty:","จำนวน"
Total,รวมทั้งสิ้น
View details,ดูรายละเอียด
RETURN POLICY,นโยบายการคืนสินค้า
Return Policy,นโยบายการคืนสินค้า
14 days free return,คืนสินค้าฟรีใน 14 วัน
Find out more,ค้นหาเพิ่มเติม
Please read the Disclaimer here,โปรดอ่านคำจำกัดสิทธิ์ความรับผิดชอบที่นี่
Order Summary,สรุปการสั่งซื้อ
Have A Promo Code?,มีรหัสโปรโมชั่นไหม
Subtotal (Inclusive of GST),รวม (รวม GST)
Order Discount,ส่วนลดการสั่งซื้อ
Shipping,ค่าจัดส่ง
Total,รวมทั้งสิ้น
Apply,ใช้
Proceed to Checkout,ไปที่จุดชำระเงิน
Select a payment method,เลือกวิธีการชำระเงิน
Card,บัตร
Netbanking,Netbanking
Wallet,Wallet
UPI,UPI
Phone,โทรศัพท์
Email,อีเมล
Select a card to proceed,เลือกบัตรเพื่อดำเนินการต่อ
Use a new card,ใช้บัตรใบใหม่
Manage your cards,แก้ไขข้อมูลบัตรของท่าน
Card number,หมายเลขบัตร
Name on card,ชื่อผู้ถือบัตร
Expiry date,หมดอายุ
Security code,รหัสความปลอดภัย
Remember this card,บันทึกข้อมูลบัตรใบนี้
CVV,CVV
PAY,ชำระ
Invoice,ใบกำกับสินค้า
Please enter a valid Promo code to avail the discount offer.,โปรดกรอกรหัสโปรโมชั่นที่ถูกต้องเพื่อใช้ประโยชน์จากข้อเสนอส่วนลด
Invalid UserName,ชื่อผู้ใช้ไม่ถูกต้อง
Invalid Credentials,ข้อมูลประจำตัวไม่ถูกต้อง
Your Email ID and password combination did not match.,ID อีเมลและรหัสผ่านของคุณไม่ตรงกัน
Update Shopping Cart,Update Shopping Cart
Subtotal (Exclusive of GST),รวม (ไม่รวม GST)
Have an ASICS ID? login here,ได้เข้าสู่ระบบ ASICS ID ที่นี่แล้วใช่ไหม
Email address,ที่อยู่อีเมล
Password,รหัสผ่าน
Remember Me,จดจำฉัน
Forgot your password? Click Here,ลืมรหัสผ่านของคุณใช่ไหม คลิกที่นี่
SIGN IN,ลงชื่อเข้าใช้
Do you want to login with different user ?,ท่านต้องการใช้ชื่ออื่นในการลงชื่อเข้าใช้งานหรือไม่
Continue as existing user,ทำรายการโดยใช้ชื่อผู้ใช้งานเดิม
don't have an asics id?,ยังไม่มี asics id ใช่ไหม
Continue as a guest,ดำเนินการต่อในฐานะผู้มาเยือน
OR,หรือ
CREATE AN ASICS ID,สร้าง ASICS ID
or,หรือ
SIGN IN WITH FACEBOOK,ลงชื่อเข้าใช้ด้วย FACEBOOK
SIGN IN WITH GOOGLE,ลงชื่อเข้าใช้ด้วย GOOGLE
order summary,สรุปการสั่งซื้อ
Subtotal (Inclusive of GST),รวม (รวม GST)
Order Discount,ส่วนลดการสั่งซื้อ
Shipping,ค่าจัดส่ง
Total,รวมทั้งสิ้น
Password Recovery,การกู้คืนรหัสผ่าน
UserName,ชื่อผู้ใช้
DETAILS,รายละเอียด
Your Shipping Information,ข้อมูลการจัดส่งของคุณ
Tax ID,หมายเลขประจำตัวผู้เสียภาษี
"For full tax invoice, please insert your personal tax ID number in the field.",โปรดกรอกเลขประจําตัวผู้เสียภาษีอากรของท่านในช่อง “หมายเลขประจำตัวผู้เสียภาษี” สำหรับท่านที่ต้องการออกใบกำกับภาษีแบบเต็มรูปแบบ
Shipping Address,ที่อยู่ในการจัดส่ง
First Name,ชื่อ
Last Name,นามสกุล
Mobile No,หมายเลขโทรศัพท์
Email Address,ที่อยู่อีเมล
Address Type,ประเภทที่อยู่
Address type,ประเภทที่อยู่
Home,โฮมเพจ
Office,สำนักงาน
Apartment,อพาร์ทเมนท์
Business,ธุรกิจ
Address Line 1,ที่อยู่บรรทัดที่ 1
Address Line 2,ที่อยู่บรรทัดที่ 2
Postal Code,รหัสไปรษณีย์
Postal code,รหัสไปรษณีย์
Country,ประเทศ
State,รัฐ
City,เมือง
Province ,"จังหวัด"
District,"เขต/ อำเภอ"
Required Fields,โปรดกรอกข้อมูลในช่องต่อไปนี้
save and continue,บันทึกและดำเนินการต่อ
Saved addresses,ที่อยู่ที่บันทึกไว้
SAVED ADDRESSES,ที่อยู่ที่บันทึกไว้
Deliver here,ส่งที่นี่
Add New Address,สร้างที่อยู่ใหม่
AMNART CHAROEN,อำนาจเจริญ
ANG THONG,อ่างทอง
AYUDHAYA,พระนครศรีอยุธยา
Bangkok,กรุงเทพมหานคร
BUNG KARN,บึงกาฬ
BURIRUM,บุรีรัมย์
CHACHOENGSAO,ฉะเชิงเทรา
CHAINAT,ชัยนาท
CHAIYAPHUM,ชัยภูมิ
CHANTABURI,จันทบุรี
CHIANGMAI,เชียงใหม่
CHIANGRAI,เชียงราย
CHONBURI,ชลบุรี
CHUMPHORN,ชุมพร
KALASIN,กาฬสินธุ์
KARNCHANABURI,กาญจนบุรี
KHON KAEN,ขอนแก่น
KRABI,กระบี่
KUMPHENGPHET,กำแพงเพชร
LAMPANG,ลำปาง
LAMPHUN,ลำพูน
LOEI,เลย
LOP BURI,ลพบุรี
MAE HONGSORN,แม่ฮ่องสอน
MAHASARAKAM,มหาสารคาม
MUKDAHAN,มุกดาหาร
NA,NA
NAKHON NAYOK,นครนายก
NAKHON PATHOM,นครปฐม
NAKHON PHANOM,นครพนม
NAKHON RACHASIMA,นครราชสีมา
NAKHON SAWAN,นครสวรรค์
NAKHON SRITHAMMARAT,นครศรีธรรมราช
NAN,น่าน
NARATIWAT,นราธิวาส
NONG BUA LAM PHU,หนองบัวลำภู
NONG KAI,หนองคาย
NONTHABURI,นนทบุรี
Pathum Thani,Pathum Thani
PATTALUNG,พัทลุง
PATTANI,ปัตตานี
PAYAO,พะเยา
PETCHABOON,เพชรบูรณ์
PETCHABURI,เพชรบุรี
PHANG-NGA,พังงา
PHICHIT,พิจิตร
PHITSANULOK,พิษณุโลก
PHRAE,แพร่
PHUKET,ภูเก็ต
PRACHINBURI,ปราจีนบุรี
PRACHUAB KIRIKHUN,ประจวบคีรีขันธ์
RACHABURI,ราชบุรี
RANONG,ระนอง
RAYONG,ระยอง
Roi Et,ร้อยเอ็ด
SAKOL NAKHON,สกลนคร
SAMUT PRAKARN,สมุทรปราการ
SAMUT SAKORN,สมุทรสาคร
SAMUT SONGKRAM,สมุทรสงคราม
SARABURI,สระบุรี
SINGBURI,สิงห์บุรี
SISAKET,ศรีสะเกษ
SONG KHLA,สงขลา
SRAKAEW,สระแก้ว
STOON,สตูล
SUKHOTHAI,สุโขทัย
SUPHAN BURI,สุพรรณบุรี
SURATTHANI,สุราษฎร์ธานี
SURIN,สุรินทร์
TAK,ตาก
TRANG,ตรัง
TRAT,ตราด
UBON RACHATHANI,อุบลราชธานี
UDONTHANI,อุดรธานี
UTHAI THANI,อุทัยธานี
UTTARADIT,อุตรดิตถ์
YALA,ยะลา
YASOTHORN,ยโสธร
Enter store name or address (minimum 3 characters),กรอกชื่อร้านหรือที่อยู่ (อักขระขั้นต่ำ 3 ตัว)
Find Your Store,ค้นหาร้าน
Select your preferred store for pick up,เลือกร้านที่คุณต้องการสำหรับรับสินค้า
Enter Personal Info For Store Pickup,กรอกข้อมูลส่วนบุคคลสำหรับการไปรับที่ร้าน
First Name,ชื่อ
Last Name,นามสกุล
Mobile No.,หมายเลขมือถือ
Payments,"การชำระเงิน"
YOUR PAYMENT,การชำระเงินของคุณ
Your Payment,การชำระเงินของคุณ
Use my Delivery Address as my Billing Address,ใช้ที่อยู่จัดส่งของฉัน
Your bank may charge a small fee for internet banking payments,Your bank may charge a small fee for internet banking payments
I agree to the Conditions of Use and I understand and agree that my information will be used as described on this page and the ASICS Privacy Policy,ฉันยินยอมกับเงื่อนไขการใช้งานและฉันเข้าใจและยอมรับว่า ข้อมูลของฉันจะถูกใช้ตามที่อธิบายไว้ในหน้านี้และนโยบายความเป็นส่วนตัวของ ASICS
PLACE YOUR ORDER,ยืนยันการสั่งซื้อ
Payment Method,วิธีการชำระเงิน
You can pay using Master or Visa Credit Card,คุณสามารถชำระเงินโดยใช้บัตรเครดิต Master หรือ Visa
Billing address Use my delivery address,ที่อยู่สำหรับออกใบเสร็จรับเงิน ใช้ที่อยู่ในการส่งสินค้า
First Name,ชื่อ
Last Name,นามสกุล
Address1,ที่อยู่1
Address2,ที่อยู่2
State,รัฐ
City,เมือง
Post/Zip code,รหัสไปรษณีย์
Telephone,โทรศัพท์
Mobile,มือถือ
Email,อีเมล
Online Payment,การชำระเงินออนไลน์
Cash On Delivery,บริการเก็บเงินปลายทาง
Pay the cash to our logistic provider when you receive the delivery at your doorstep rather than paying in advance. The delivery address provided should be under serviceable network of our courier partner. Kindly provide accurate address and pin code. Only cash will be accepted by the delivery personal (Any other payment type will not be accepted),ชำระเงินสดให้กับผู้ให้บริการส่งสินค้าของเราเมื่อคุณได้รับการจัดส่งถึงสถานที่แทนการชำระเงินล่วงหน้า ที่อยู่ในการส่งสินค้าที่ระบุควรอยู่ภายใต้เครือข่ายที่ให้บริการได้ของคู่ค้าด้านการจัดส่งพัสดุของเรา โปรดให้ที่อยู่และรหัส PIN ที่ถูกต้อง โปรดชำระเป็นเงินสดเท่านั้นให้กับผู้จัดส่งสินค้า (ไม่รับการชำระเงินประเภทอื่นๆ)
Thank you for your order,ขอบคุณสำหรับการสั่งซื้อสินค้า
"If you have any additional questions or concerns, please feel free to contact us at","หากคุณมีคำถามเพิ่มเติมหรือมีข้อกังวล กรุณาติดต่อเราได้ที่"
"Order Placed:","วันที่สั่งซื้อ:"
"Order Number:","หมายเลขคำสั่งซื้อ:"
"A confirmation email will be sent to","ระบบจะจัดส่งอีเมลยืนยันไปยัง"
"You can further track this order from the <a href=""../../../sales/order/history"">My Accounts</a> section","คุณสามารถติดตามสถานะของคำสั่งซื้อนี้ได้ที่เมนู<a href=""../../../sales/order/history"">บัญชีของฉัน</a>"
"Your session has expired","เซสชันของคุณหมดอายุแล้ว"
"You saved the account information.","คุณบันทึกข้อมูลบัญชี"
"We don't have some of the products you want.","เราไม่มีสินค้าบางอย่างที่คุณต้องการ"
"We don't have as many of some products as you want.","เรามีสินค้าไม่มากเท่าที่คุณต้องการ"
"Your password reset link has expired.","ลิงก์รีเซ็ตรหัสผ่านของคุณหมดอายุแล้ว"
"This confirmation key is invalid or has expired.","รหัสยืนยันนี้ไม่ถูกต้องหรือหมดอายุแล้ว"
"There was an error confirming the account","เกิดข้อผิดพลาดในการยืนยันบัญชี"
"Please enter your email.","กรุณากรอกอีเมลของคุณ"
"We're unable to send the password reset email.","เราไม่สามารถส่งอีเมลรีเซ็ตรหัสผ่านได้"
"We can't specify a product.","เราไม่สามารถระบุผลิตภัณฑ์ได้"
"This product(s) is out of stock.","สินค้านี้ไม่มีในสต็อก"
"We can't add the item to Wish List right now.","เราไม่สามารถเพิ่มรายการลงในรายการที่ต้องการได้ในขณะนี้"
"We can't add the item to Wish List right now: %1.","เราไม่สามารถเพิ่มรายการลงในรายการที่ต้องการได้ในขณะนี้ %1"
"We can't configure the product right now.","เราไม่สามารถกำหนดค่าผลิตภัณฑ์ได้ในขณะนี้"
"The Wish List item can't load at this time. Please try again later.","ไม่สามารถโหลดรายการ Wish List ได้ในขณะนี้ โปรดลองอีกครั้งในภายหลัง"
"We can't configure the product right now.","เราไม่สามารถกำหนดค่าผลิตภัณฑ์ได้ในขณะนี้"
"You must login or register to add items to your wishlist.","คุณต้องเข้าสู่ระบบหรือลงทะเบียนเพื่อเพิ่มรายการในสิ่งที่ปรารถนาของคุณ"
"We can't delete the item from the Wish List right now.","เราไม่สามารถลบรายการออกจากรายการสิ่งที่ปรารถนาได้ในขณะนี้"
"We can't delete the item from Wish List right now because of an error: %1","เราไม่สามารถลบรายการออกจากรายการสิ่งที่ปรารถนาได้ในขณะนี้เนื่องจากมีข้อผิดพลาด"
"Incorrect CAPTCHA","แจ้งลบความคิดเห็นที่ไม่ถูกต้อง"
"Please enter a valid email address.","กรุณาใส่อีเมล์ที่ถูกต้อง"
"Message length must not exceed %1 symbols","ความยาวของข้อความต้องไม่เกิน %1 สัญลักษณ์"
"This wish list can be shared %1 more times.","รายการความปรารถนานี้สามารถแชร์ได้อีก %1 ครั้ง"
"We can't delete item from Wish List right now.","เราไม่สามารถลบรายการออกจากรายการสิ่งที่ปรารถนาได้ในขณะนี้"
"Can't update wish list","ไม่สามารถอัปเดตรายการที่ต้องการ"
Product,ผลิตภัณฑ์
Order Summary,สรุปการสั่งซื้อ
Subtotal,รวม
Order Discount,ส่วนลดการสั่งซื้อ
Shipping,ค่าจัดส่ง
TOTAL,รวมทั้งสิ้น
Shipping Address,ที่อยู่ในการจัดส่ง
Billing Address,ที่อยู่สำหรับออกใบเสร็จรับเงิน
Category,หมวดหมู่
Size,ขนาด
Narrow,หน้าเท้าแคบ
Installment available,สามารถผ่อนชำระได้
"Installment: up to 10months, as low as $699.00 per month",การผ่อนชำระ: สูงสุด 10 เดือน ขั้นต่ำ 699.00 เหรียญสหรัฐฯ ต่อเดือน
"Buy One nimbus 19, get one half-off",ซื้อ nimbus 19 หนึ่งคู่ คู่ต่อไปลดครึ่งราคา
read more,อ่านต่อ
View Details,ดูรายละเอียด
Sub Total (Inclusive of VAT),ยอดรวม (รวม VAT)
Order Discount,ส่วนลดการสั่งซื้อ
Shipping,ค่าจัดส่ง
size,ขนาด
Checkout Page,หน้าชำระเงิน
Details,รายละเอียด
Payment,การชำระเงิน
VISA/MasterCard,VISA/MasterCard
Online Banking,อินเตอร์เน็ตแบงก์กิ้ง
Installment Plans,แผนการผ่อนชำระ
"Note: You will be re-directed to a payment gateway page to complete your purchase.""","หมายเหตุ: คุณจะไปยังหน้าระบบชำระเงินเพื่อสั่งซื้อสินค้าของคุณให้เสร็จสมบูรณ์"""
Create your ASICS ID,สร้าง ASICS ID ของคุณ
Already Registered? Sign in,ลงทะเบียนแล้วใช่ไหม ลงชื่อเข้าใช้
Date of Birth,วันเกิด
Gender,เพศ
Male,ชาย
Female,หญิง
ASICS requires this information so that we may provide our services to you and communicate with you. We will handle your personal data in accordance with our privacy policy.,ASICS ต้องการข้อมูลนี้เพื่อให้เราสามารถส่งมอบบริการให้กับคุณ และเพื่อสื่อสารกับคุณ เราจะจัดการกับข้อมูลส่วนบุคคลของคุณอย่างสอดคล้องกับนโยบายความเป็นส่วนตัวของเรา
ONITSUKA TIGER IS A REGISTERED TRADEMARK OF ASICS CORPORATION,ONITSUKA TIGER เป็นเครื่องหมายการค้าแบบจดทะเบียนของ ASICS CORPORATION
By registering I accept the terms and conditions of ASICS,การลงทะเบียนหมายความว่าฉันยอมรับในข้อกำหนดและเงื่อนไขของ ASICS
I would like to receive news and promotions from ASICS by email tailored to my preferences and interests,ฉันประสงค์ที่จะรับข่าวสารและโปรโมชั่นจาก ASICS ผ่านทางอีเมลที่กำหนดตามความพึงพอใจและความสนใจของฉัน
Register,ลงทะเบียน
continue,ดำเนินการต่อ
Shipping address,ที่อยู่ในการจัดส่ง
Installment plans are available for your order,คุณสามารถผ่อนชำระสินค้าที่คุณสั่งซื้อได้
Standard,หน้าเท้าปกติ
wide,หน้าเท้ากว้าง
extra wide,หน้าเท้ากว้างมาก
women running shoes,รองเท้าวิ่งสำหรับผู้หญิง
Personal Information,ข้อมูลส่วนตัว
My Orders,รายการสั่งซื้อของฉัน
My Saved Cart,รถเข็นที่บันทึกไว้ของฉัน
My Saved Addresses,ที่อยู่ที่บันทึกไว้ของฉัน
My Wishlist,"รายการสิ่งที่ปรารถนา"
MY WISH LIST,"รายการสิ่งที่ปรารถนา"
Empty Wishlist,"ไม่มีรายการสิ่งที่ปรารถนา"
You have no items in your wishlist. Start adding!,คุณไม่มีรายการสิ่งที่อยากได้ เริ่มเพิ่ม!
Change Password,เปลี่ยนรหัสผ่าน
Email,อีเมล
First Name,ชื่อ
Last Name,นามสกุล
Mobile Number,หมายเลขโทรศัพท์มือถือ
Gender,เพศ
Male,ชาย
Female,หญิง
Date of Birth,วันเกิด
Select Date,เลือกวัน
Select Month,เลือกเดือน
Select Year,เลือกปี
Required fields,โปรดกรอกข้อมูลในช่องต่อไปนี้
Update,อัปเดต
Order ID,ID ของรายการสั่งซื้อ
Order Date,วันสั่งซื้อ
Delivered,ส่งแล้ว
Canceled,ยกเลิกแล้ว
next,ถัดไป
Print Order summary,พิมพ์สรุปการสั่งซื้อ
Delivered On,ส่งแล้วเมื่อ
Shipment Details,รายละเอียดการส่งสินค้า
Shipment is delivered,ส่งสินค้าแล้ว
Reorder,สั่งซื้อใหม่
Return,คืนสินค้า
Reorder All,สั่งซื้อใหม่ทั้งหมด
Billing Address,ที่อยู่สำหรับออกใบเสร็จรับเงิน
Shipping Address,ที่อยู่ในการจัดส่ง
Order Summary,สรุปการสั่งซื้อ
Subtotal,รวม
Shiping,การจัดส่ง
Courier Name,ชื่อผู้ส่ง
Tracking Number,หมายเลขพัสดุ
Shipment Status,สถานะของพัสดุ
Dispatch Date,วันที่ส่งพัสดุ
Status updated date,วันที่อัปเดตสถานะ
Return Request,ส่งคำขอคืนสินค้า
Order Details,รายละเอียดการสั่งซื้อ
Product,ผลิตภัณฑ์
Payment Method,วิธีการชำระเงิน
color/size,สี/ขนาด
quantity,ปริมาณ
Amount,จำนวน
Amount:,จำนวน
To be returned,รอทำการส่งคืน
To be Returned,รอทำการส่งคืน
Reason for return,เหตุผลในการคืนสินค้า
Size too big,ขนาดใหญ่เกินไป
Size too small,ขนาดเล็กเกินไป
Unhappy with material,ไม่พอใจกับวัสดุ
Not as picture,ไม่เหมือนในรูปภาพ
Additional Remark,หมายเหตุเพิ่มเติม
Mode of Refund,วิธีการคืนเงิน
Mode of refund,วิธีการคืนเงิน
Refund to original payment method,ชำระเงินคืนไปยังวิธีการชำระเงินแบบเดิม
Select Pickup Address,เลือกที่อยู่ที่จะรับสินค้า
Returning an item is eaay with us!,การคืนสินค้ากับเรานั้นง่ายมาก!
I confirm the product(s) for return is in acordance to ASICS Return policy,ฉันยืนยันว่าสินค้าที่จะทำการส่งคืนเป็นไปตามนโยบายการคืนสินค้าของ ASICS
confirm,ยืนยัน
Confirm,ยืนยัน
Stock Available,ยังมีสินค้าอยู่
select width,เลือกความกว้าง
select size,เลือกขนาด
Order all,สั่งซื้อทั้งหมด
create new address,สร้างที่อยู่ใหม่
buy now,ซื้อตอนนี้
Current password,รหัสผ่านปัจจุบัน
new password,รหัสผ่านใหม่
confirm password,ยืนยันรหัสผ่าน
cancel,ยกเลิก
submit,ส่ง
Having trouble in singing in?,มีปัญหาในการลงชื่อเข้าใช้ใช่ไหม
"enter your email address, so we can send you an email from which you can reset your password",กรอกที่อยู่อีเมลของคุณเพื่อให้เราสามารถส่งอีเมลที่จะช่วยให้คุณรีเซ็ตรหัสผ่านได้
Email,อีเมล
Enter you email address,กรอกที่อยู่อีเมลของคุณ
reset your password,รีเซ็ตรหัสผ่านของคุณ
Search Result,ผลการค้นหา
"We're sorry, no products were found for your search: undo",ขออภัย ไม่มีสินค้าสำหรับการค้นหาของคุณ: ย้อนกลับ
Try your search again using these tips:,ลองค้นหาอีกครั้งโดยใช้คำแนะนำเหล่านี้:
Double Check the spelling,ตรวจสอบตัวสะกดอีกครั้ง
Change your serach query,เปลี่ยนข้อความค้นหาของคุณ
Use a more general term,ใช้คำที่มีความหมายกว้างกว่านี้
Contact Us,ติดต่อเรา
Size Guide,ตารางเทียบขนาด
width Guide,ตารางเทียบความกว้าง
Size Guide(Women' shoes),ตารางเทียบขนาด (รองเท้าผู้หญิง)
404:Page not found,404: ไม่พบหน้าที่ระบุ
It looks like this page is lost.,ดูเหมือนว่าหน้านี้จะสูญหายไป
This is embarrassing but we can't seem to find the page youre looking for. Either the page doesn't exist or an error occurred. Try refreshing your browswe or going back to the previous page.,ขออภัยเป็นอย่างยิ่ง แต่เราไม่สามารถค้นหาหน้าที่คุณต้องการได้ หน้าดังกล่าวอาจไม่มีอยู่หรือเกิดข้อผิดพลาดขึ้น ลองรีเฟรชเบราว์เซอร์ของคุณหรือกลับไปยังหน้าที่แล้ว
Search,ค้นหา
We'll be back soon!,เราจะกลับมาในไม่ช้า!
"Sorry for the inconveience, but we're currently doing site maitenance to improve your experience. Please come back in a while.",ขออภัยสำหรับความไม่สะดวก แต่เรากำลังปรับปรุงหน้าเว็บอยู่ในขณะนี้เพื่อปรับปรุงการใช้งานให้ดียิ่งขึ้นสำหรับคุณ โปรดกลับมาในอีกสักครู่
Your Shopping Cart is Empty,รถเข็นของคุณว่างเปล่า
Continue Shopping,ช้อปปิ้งต่อ
<a href='%1'>Continue Shopping</a>,<a href='%1'>ช้อปปิ้งต่อ</a>
"<a class=""back-link"" href=""%1"">Continue Shopping</a>","<a class=""back-link"" href=""%1"">ช้อปปิ้งต่อ</a>"
This site has been temporarily shut down for maintenance.,เว็บไซต์นี้ปิดปรับปรุงชั่วคราว
Hoodies,เสื้อฮู้ด
Dress,ชุดเดรส
Skort,กางเกงกระโปรง
Basketball,บาสเกตบอล
Futsal,ฟุตซอล
Soccer,ฟุตบอล
Track and Field,กรีฑาประเภทลู่และลาน
Customer Service,ฝ่ายบริการลูกค้า
"Operating hours: Mondays - Fridays, 9am to 5pm",เวลาทำการ: จันทร์-ศุกร์ 9 นาฬิกาถึง 17 นาฬิกา
Email,อีเมล
TAX INVOICE,ใบกำกับภาษี
SHIPPING ADDRESS,ที่อยู่ในการจัดส่ง
BILLING ADDRESS,ที่อยู่สำหรับออกใบเสร็จรับเงิน
Customer Tax ID,หมายเลขกำกับภาษีของลูกค้า
SHIPPING METHOD,วิธีการจัดส่งสินค้า
Home Delivery (Standard),บริการส่งถึงบ้าน (ปกติ)
Click & Collect,คลิกและรับ
ORDER DETAILS,รายละเอียดการสั่งซื้อ
Order No,หมายเลขการสั่งซื้อ
Order Date:,วันสั่งซื้อ:
Order date:,วันสั่งซื้อ:
Tax Invoice No,หมายเลขใบกำกับภาษี
Tax Invoice Date,วันที่ออกใบกำกับภาษี
No,หมายเลข
Product No,หมายเลขผลิตภัณฑ์
Item Description,รายละเอียดสินค้า
Size,ขนาด
Quantity,ปริมาณ
Discount,ส่วนลด
Subtotal,รวม
Total Order Price:,ราคาสินค้าทั้งหมด:
Shipping & Handling:,ค่าจัดส่ง:
Promo code:,รหัสโปรโมชั่น:
VAT:,ภาษี:
Total Price (Inclusive of VAT):,รวมทั้งหมด (รวมภาษี):
*Note: You may receive your order in multiple shipments,*หมายเหตุ: คุณอาจได้รับสินค้าผ่านการจัดส่งหลายครั้ง
"Please reject shipment(s) if packaging has signs of severe damage (torn, with holes etc)",กรุณาปฏิเสธพัสดุหากพบร่องรอยความเสียหายที่ร้ายแรง (ฉีกขาด มีรูโหว่ เป็นต้น)
RETURN FORM,แบบฟอร์มคำขอคืนสินค้า
Ordered Quantity,ปริมาณที่สั่งซื้อ
Return (Please Tick),คืนสินค้า (โปรดเลือกข้อนี้)
Return Quantity,จำนวนสินค้าที่จะคืน
Reason Code,รหัสเหตุผล
Size too big,ขนาดใหญ่เกินไป
Size too small,ขนาดเล็กเกินไป
Unhappy with quality,ไม่พอใจกับคุณภาพ
Unhappy with material,ไม่พอใจกับวัสดุ
Not as pictured,ไม่เหมือนกับภาพที่ให้ไว้
Not as described,ไม่เหมือนกับคำอธิบายที่ให้ไว้
Parcel damaged on arrival,พัสดุมีความเสียหายเมื่อมาถึง
Wrong item sent,ได้รับสินค้าผิดจากที่สั่งไว้
Defective item sent,ได้รับสินค้ามีตำหนิ
Change of mind,ฉันเปลี่ยนใจ
"Sorry, this page is only available to IDM account.",ขออภัย หน้านี้ใช้ได้เฉพาะกับบัญชี IDM เท่านั้น
CONFIRM NEW EMAIL ADDRESS,ยืนยันที่อยู่อีเมลใหม่
Change Email Address,เปลี่ยนที่อยู่อีเมล
Please click below to confirm this change.,โปรดคลิกด้านล่างเพื่อยืนยันการเปลี่ยนแปลงนี้
Please confirm you email address,โปรดยืนยันที่อยู่อีเมลของคุณ
Please confirm your email address,โปรดยืนยันที่อยู่อีเมลของคุณ
You have requested to change your email address.,คุณขอให้เปลี่ยนแปลงที่อยู่อีเมล
Please enter your new email address below. We will send a confirmation email to the new address.,โปรดกรอกที่อยู่อีเมลใหม่ของคุณด้านล่าง เราจะส่งอีเมลยืนยันไปยังที่อยู่ใหม่
Change Email Address,เปลี่ยนที่อยู่อีเมล
"We sent a confirmation email to your new address, please check your inbox.",เราได้ส่งอีเมลยืนยันไปยังที่อยู่ใหม่ของคุณ โปรดตรวจสอบกล่องจดหมายเข้า
Confirmation Email Sent,ส่งอีเมลยืนยันแล้ว
Confirmation Failed,การยืนยันไม่สำเร็จ
CONTINUE,ดำเนินการต่อ
Email,อีเมล
Email Account Confirming…,กำลังยืนยันบัญชีอีเมล…
<p>We have updated your email address to the new one.</p><p>Please make sure to login</p><p>with your new email address from now on.</p>,<p>เราได้อัปเดตที่อยู่อีเมลของคุณเป็นที่อยู่ใหม่แล้ว</p><p>โปรดอย่าลืมเข้าสู่ระบบ</p><p>ด้วยที่อยู่อีเมลใหม่ของคุณนับจากวันนี้เป็นต้นไป</p>
Email Address Updated,อัปเดตที่อยู่อีเมลแล้ว
Enter your new email address…,กรอกที่อยู่อีเมลใหม่ของคุณ…
Enter your password…,กรอกรหัสผ่านของคุณ…
The email field is empty.,ช่องกรอกอีเมลว่างอยู่
The password field is empty.,ช่องกรอกรหัสผ่านว่างอยู่
Password,รหัสผ่าน
A confirmation email has been sent to {{email}}.,อีเมลยืนยันได้รับการส่งไปยัง {{email}}
Email Updated,อัปเดตอีเมลแล้ว
Please sign in to change your email.,โปรดลงชื่อเข้าใช้เพื่อเปลี่ยนอีเมลของคุณ
New Email,อีเมลใหม่
Update Account Email,อัปเดตอีเมลของบัญชี
Update Email,อัปเดตอีเมล
Change Your ASICS ID Password,เปลี่ยนรหัสผ่าน ASICS ID ของคุณ
Confirm your password…,ยืนยันรหัสผ่านของคุณ…
Enter your old password…,กรอกรหัสผ่านเก่าของคุณ…
Enter your password…,กรอกรหัสผ่านของคุณ…
The new password field is empty.,ช่องกรอกรหัสผ่านใหม่ว่างอยู่
The old password field is empty.,ช่องกรอกรหัสผ่านเก่าว่างอยู่
Password does not match the confirm password.,รหัสผ่านไม่ตรงกับรหัสผ่านที่ยืนยัน
New Password,รหัสผ่านใหม่
Old Password,รหัสผ่านเก่า
You can use your new password next time you login.,คุณสามารถใช้รหัสผ่านใหม่ในครั้งถัดไปที่คุณเข้าสู่ระบบ
Password Changed,เปลี่ยนรหัสผ่านแล้ว
SET NEW PASSWORD,ตั้งรหัสผ่านใหม่
Change Password,เปลี่ยนรหัสผ่าน
Change Password,เปลี่ยนรหัสผ่าน
Create New Password,สร้างรหัสผ่านใหม่
Please sign in to change your password.,โปรดลงชื่อเข้าใช้เพื่อเปลี่ยนรหัสผ่านของคุณ
Need to login,ต้องเข้าสู่ระบบ
New Password,รหัสผ่านใหม่
Current Password,รหัสผ่านปัจจุบัน
The application would like to access your ASICS account information:,แอปพลิเคชันต้องการเข้าถึงข้อมูลบัญชี ASICS ของคุณ:
ASICS would like to access your ASICS account information:,ASICS ต้องการเข้าถึงข้อมูลบัญชี ASICS ของคุณ:
ASICS Studio would like to access your ASICS account information:,ASICS Studio ต้องการเข้าถึงข้อมูลบัญชี ASICS ของคุณ:
"By clicking below, I confirm that I have read and understand the applicable <a href=""{{privacy_url}}"" target=""_blank"">Privacy Policy</a> and that I agree to ASICS Studio <a href=""{{terms_url}}"" target=""_blank"">Terms and Conditions</a>.","ด้วยการคลิกด้านล่าง ฉันยืนยันว่าได้อ่านและเข้าใจใน<a href=""{{privacy_url}}"" target=""_blank"">นโยบายความเป็นส่วนตัว</a>ที่ใช้บังคับ และฉันยอมรับใน<a href=""{{terms_url}}"" target=""_blank"">ข้อกำหนดและเงื่อนไข</a>ของ ASICS Studio"
ASICS Tiger would like to access your ASICS account information:,ASICS Tiger ต้องการเข้าถึงข้อมูลบัญชี ASICS ของคุณ:
"By clicking below, I confirm that I have read and understand the applicable <a href=""{{privacy_url}}"" target=""_blank"">Privacy Policy</a> and that I agree to ASICS <a href=""{{terms_url}}"" target=""_blank"">Terms and Conditions</a>.","ด้วยการคลิกด้านล่าง ฉันยืนยันว่าได้อ่านและเข้าใจใน<a href=""{{privacy_url}}"" target=""_blank"">นโยบายความเป็นส่วนตัว</a>ที่ใช้บังคับ และฉันยอมรับใน<a href=""{{terms_url}}"" target=""_blank"">ข้อกำหนดและเงื่อนไข</a>ของ ASICS"
Continue,ดำเนินการต่อ
"Or <a href=""{{register_url}}"">create a new ASICS account</a>","หรือ<a href=""{{register_url}}"">สร้างบัญชี ASICS ใหม่</a>"
Haglofs would like to access your ASICS account information:,Haglofs ต้องการเข้าถึงข้อมูลบัญชี ASICS ของคุณ:
"By clicking below, I confirm that I have read and understand the applicable <a href=""{{privacy_url}}"" target=""_blank"">Privacy Policy</a> and that I agree to Haglöfs <a href=""{{terms_url}}"" target=""_blank"">Terms and Conditions</a>.","ด้วยการคลิกด้านล่าง ฉันยืนยันว่าได้อ่านและเข้าใจใน<a href=""{{privacy_url}}"" target=""_blank"">นโยบายความเป็นส่วนตัว</a>ที่ใช้บังคับ และฉันยอมรับใน<a href=""{{terms_url}}"" target=""_blank"">ข้อกำหนดและเงื่อนไข</a>ของ Haglöfs"
Onitsuka Tiger would like to access your ASICS account information:,Onitsuka Tiger ต้องการเข้าถึงข้อมูลบัญชี ASICS ของคุณ:
Runkeeper would like to access your ASICS account information:,Runkeeper ต้องการเข้าถึงข้อมูลบัญชี ASICS ของคุณ:
"By clicking below, I confirm that I have read and understand the applicable <a href=""{{privacy_url}}"" target=""_blank"">Privacy Policy</a> and that I agree to Runkeeper <a href=""{{terms_url}}"" target=""_blank"">Terms and Conditions</a>.","ด้วยการคลิกด้านล่าง ฉันยืนยันว่าได้อ่านและเข้าใจใน<a href=""{{privacy_url}}"" target=""_blank"">นโยบายความเป็นส่วนตัว</a>ที่ใช้บังคับ และฉันยอมรับใน<a href=""{{terms_url}}"" target=""_blank"">ข้อกำหนดและเงื่อนไข</a>ของ Runkeeper"
Delete,ลบ
Edit,แก้ไข
Account ID,ID บัญชี
Account Types,ประเภทบัญชี
Birth,วันเกิด
YYYY-MM-DD,ปปปป-ดด-วว
Country,ประเทศ
Select an Option,เลือกตัวเลือก
Email,อีเมล
First Name,ชื่อ
Gender,เพศ
Select an Option,เลือกตัวเลือก
Last Name,นามสกุล
Legal Agreements,ข้อตกลงทางกฎหมาย
Password,รหัสผ่าน
Receive News Letter,รับจดหมายข่าว
Services,บริการ
Select some Options,เลือกบางตัวเลือก
customers,ลูกค้า
Customers,ลูกค้า
Services,บริการ
ASICS Studio,ASICS Studio
EU ASICS,ASICS สหภาพยุโรป
EU ASICS Outlet Website,เว็บไซต์เอาท์เล็ตของ ASICS สหภาพยุโรป
EU ASICS Tiger,ASICS Tiger สหภาพยุโรป
EU ASICS Website,เว็บไซต์ของ ASICS สหภาพยุโรป
EU Haglöfs,Haglöfs สหภาพยุโรป
EU Onitsuka Tiger,Onitsuka Tiger สหภาพยุโรป
MY ASICS,MY ASICS
Mobile Foot ID,Mobile Foot ID
My Asics,My Asics
MySports customer platform,แพลตฟอร์มลูกค้า MySports
OneASICS Software In-Stores,OneASICS Software In-Stores
Runkeeper,Runkeeper
Sales Force Commerce Cloud - Dev 08,Sales Force Commerce Cloud - Dev 08
beatthesun,beatthesun
frontrunner,frontrunner
gel30,gel30
hybris,hybris
idm,idm
loader.io test client,loader.io test client
paceyourrace,paceyourrace
rio,rio
No customers to show.,ไม่มีลูกค้าที่จะแสดง
de-DE,de-DE
<p>You will lose access to other ASICS services including:</p><ul><li>ASICS E-Commerce</li><li>ASICS Tiger</li><li>Onitsuka Tiger</li><li>OneASICS</li><li>ASICS Studio</li><li>ASICS Runkeeper</li><li>My ASICS</li><li>Pace Your Race</li><li>Frontrunners</li></ul><p>All of your data for these services will be removed. <strong>Please click the button below to confirm this deletion.</strong></p>,<p>คุณจะสูญเสียการเข้าถึงบริการอื่นๆ ของ ASICS รวมถึง:</p><ul><li>ASICS E-Commerce</li><li>ASICS Tiger</li><li>Onitsuka Tiger</li><li>OneASICS</li><li>ASICS Studio</li><li>ASICS Runkeeper</li><li>My ASICS</li><li>Pace Your Race</li><li>Frontrunners</li></ul><p>ข้อมูลทั้งหมดของคุณสำหรับบริการเหล่านี้จะถูกลบออก <strong>โปรดคลิกปุ่มด้านล่างเพื่อยืนยันการลบนี้</strong></p>
DELETE USER,ลบผู้ใช้
The following user and the associated data will be deleted from our servers:,ผู้ใช้ต่อไปนี้และข้อมูลที่เกี่ยวข้องจะถูกลบออกจากเซิร์ฟเวอร์ของเรา:
Delete User Account,ลบบัญชีผู้ใช้
"If you want to delete your user data from <strong>all ASICS services</strong>, click the button below.",หากคุณต้องการลบข้อมูลผู้ใช้ของคุณออกจาก<strong>บริการทั้งหมดของ ASICS</strong> ให้คลิกปุ่มด้านล่าง
"If you want to delete your user data from a specific ASICS service and leave your ASICS account intact, use the following links:",หากคุณต้องการลบข้อมูลผู้ใช้ของคุณออกจากบริการของ ASICS ที่เฉพาะเจาะจง และไม่ทำการเปลี่ยนแปลงใดๆ ในบัญชี ASICS ของคุณ ให้ใช้ลิงก์ต่อไปนี้:
"<a href=""https://support.studio.asics.com/hc/en-us/requests/new"">Submit request to delete <strong>ASICS Studio</strong> account and data</a>","<a href=""https://support.studio.asics.com/hc/en-us/requests/new"">ส่งคำขอให้ลบบัญชีและข้อมูลของ <strong>ASICS Studio</strong></a>"
"<a href=""https://www.asics.com/us/en-us/my-account/profile"">Go to <strong>asics.com</strong> profile to delete account and data</a>","<a href=""https://www.asics.com/us/en-us/my-account/profile"">ไปที่โปรไฟล์ <strong>asics.com</strong> เพื่อลบบัญชีและข้อมูล</a>"
"<a href=""https://my.asics.com/app_en/settings/edit#/profile"">Go to <strong>MY ASICS</strong> profile to delete account and data</a>","<a href=""https://my.asics.com/app_en/settings/edit#/profile"">ไปที่โปรไฟล์ <strong>MY ASICS</strong> เพื่อลบบัญชีและข้อมูล</a>"
"<a href=""https://runkeeper.com/login?redirectUrl=%2Fdelete-account"">Delete <strong>ASICS Runkeeper</strong> account and data</a>","<a href=""https://runkeeper.com/login?redirectUrl=%2Fdelete-account"">ลบบัญชีและข้อมูลของ <strong>ASICS Runkeeper</strong></a>"
Please sign in to delete your account.,โปรดลงชื่อเข้าใช้เพื่อลบบัญชีของคุณ
ASICS Terms of Use,ข้อกำหนดการใช้งานของ ASICS
<p>So sad to see you go.</p><p>We hope you’ll be back some time in the future!</p>,<p>เราเสียใจที่คุณต้องการจากไป</p><p>เราหวังว่าคุณจะกลับมาอีกครั้งในอนาคต!</p>
User Account Deleted,ลบบัญชีผู้ใช้แล้ว
Privacy Policy,นโยบายความเป็นส่วนตัว
Terms of Use,ข้อกำหนดการใช้งาน
"Hello {{$1}},",สวัสดี {{$1}}
Scope,ขอบเขต
Select an Option,เลือกตัวเลือก
Public Keys,คีย์สาธารณะ
Select some Options,เลือกบางตัวเลือก
Service,บริการ
Select an Option,เลือกตัวเลือก
Cookie Settings,การตั้งค่าคุกกี้
Privacy Policy,นโยบายความเป็นส่วนตัว
Terms & Conditions,ข้อกำหนดและเงื่อนไข
CONTINUE,ดำเนินการต่อ
Email:,อีเมล:
Enter your email address…,กรอกที่อยู่อีเมลของคุณ…
The email field is empty.,ช่องกรอกอีเมลว่างอยู่
"Enter your email address, so we can send you an email from which you can reset your password.",กรอกที่อยู่อีเมล เพื่อให้เราสามารถส่งอีเมลให้กับคุณเพื่อให้คุณรีเซ็ตรหัสผ่านจากอีเมลนั้นได้
Having trouble signing in?,มีปัญหาในการลงชื่อเข้าใช้ใช่ไหม
"We sent you an email to reset your password, please check your inbox.",เราได้ส่งอีเมลให้กับคุณเพื่อให้รีเซ็ตรหัสผ่าน โปรดตรวจสอบกล่องจดหมายเข้า
Password Reset Email Sent,ส่งอีเมลสำหรับรีเซ็ตรหัสผ่านแล้ว
You used {{third_party}} when you created this account. Please login with {{third_party}}.,คุณใช้ {{third_party}} เมื่อสร้างบัญชีนี้ โปรดเข้าสู่ระบบด้วย {{third_party}}
Email,อีเมล
A password reset link has been sent to {{email}}.,ลิงก์สำหรับรีเซ็ตรหัสผ่านได้รับการส่งไปยัง {{email}}
Reset Password,รีเซ็ตรหัสผ่าน
Send Reset Link,ส่งลิงก์สำหรับรีเซ็ต
Migration Users File,ไฟล์การโยกย้ายผู้ใช้
Service,บริการ
Select an Option,เลือกตัวเลือก
Add Migration Users File,เพิ่มไฟล์การโยกย้ายผู้ใช้
Translations File,ไฟล์แปล
Add Translations File,เพิ่มไฟล์แปล
Country,ประเทศ
Version,เวอร์ชัน
ADD {{third_party}},เพิ่ม {{third_party}}
Email:,อีเมล:
The email field is empty.,ช่องกรอกอีเมลว่างอยู่
The password field is empty.,ช่องกรอกรหัสผ่านว่างอยู่
Forgot your password?,ลืมรหัสผ่านของคุณใช่ไหม
<p>We have an account with this email address that is currently linked using {{origin}}.</p><p>Would you like to also link this account using {{new_type}} or retry your login using {{origin}}?</p>,<p>เรามีบัญชีที่ใช้ที่อยู่อีเมลนี้ซึ่งเชื่อมโยงอยู่ในปัจจุบันโดยใช้ {{origin}}</p><p>คุณยังต้องการเชื่อมโยงบัญชีนี้โดยใช้ {{new_type}} หรือลองเข้าสู่ระบบอีกครั้งโดยใช้ {{origin}} หรือไม่</p>
<p>We have an account with this email that was created using a password.</p><p>To add {{third_party}} as an authentication method please confirm by entering your ASICS ID password.</p>,<p>เรามีบัญชีที่ใช้อีเมลนี้ซึ่งสร้างขึ้นโดยใช้รหัสผ่าน </p><p>หากต้องการเพิ่ม {{third_party}} เป็นวิธีการพิสูจน์ตัวตน โปรดยืนยันด้วยการกรอกรหัสผ่าน ASICS ID ของคุณ</p>
Login Successful,เข้าสู่ระบบสำเร็จ
LOGIN WITH {{third_party}},เข้าสู่ระบบด้วย {{third_party}}
Not registered? Create your ASICS ID,ยังไม่ได้ลงทะเบียนใช่ไหม สร้าง ASICS ID ของคุณ
Password:,รหัสผ่าน:
Remember me for next time,จดจำฉันสำหรับครั้งต่อไป
Sign in with Facebook,ลงชื่อเข้าใช้ด้วย Facebook
Sign in with Google,ลงชื่อเข้าใช้ด้วย Google
Sign in with your ASICS ID,ลงชื่อเข้าใช้ด้วย ASICS ID ของคุณ
SUBMIT,ส่ง
You created your account with {{third_party}}. Please Login in with {{third_party}}.,คุณสร้างบัญชีของคุณด้วย {{third_party}} โปรดเข้าสู่ระบบด้วย {{third_party}}
Waiting for {{third_party}} login…,กำลังรอการเข้าสู่ระบบของ {{third_party}}…
Account is linked to {{third_party}},บัญชีเชื่อมโยงกับ {{third_party}}
Need an ASICS account?,ต้องมีบัญชี ASICS ใช่ไหม
Connect Account to {{third_party}},เชื่อมโยงบัญชีกับ {{third_party}}
Email,อีเมล
That email is already associated with a {{third_party}} sign in.,อีเมลดังกล่าวเชื่อมโยงกับการลงชื่อเข้าใช้ของ {{third_party}} อยู่แล้ว
This account was created without a password. Please check your email for a password reset link.,บัญชีนี้ถูกสร้างขึ้นโดยไม่มีรหัสผ่าน โปรดตรวจสอบอีเมลของคุณเพื่อดูลิงก์สำหรับรีเซ็ตรหัสผ่าน
The email field is empty.,ช่องกรอกอีเมลว่างอยู่
"The password field is empty. <a href=""{{forgetPasswordUrl}}"">Click here</a> to reset your password.","ช่องกรอกรหัสผ่านว่างอยู่ <a href=""{{forgetPasswordUrl}}"">คลิกที่นี่</a> เพื่อรีเซ็ตรหัสผ่านของคุณ"
Forgot Password?,ลืมรหัสผ่านใช่ไหม
<p>We have an account with this email address that is currently linked using {{origin}}.</p><p>Would you like to also link this account using {{new_type}} or retry your login using {{origin}}?</p>,<p>เรามีบัญชีที่ใช้ที่อยู่อีเมลนี้ซึ่งเชื่อมโยงอยู่ในปัจจุบันโดยใช้ {{origin}}</p><p>คุณยังต้องการเชื่อมโยงบัญชีนี้โดยใช้ {{new_type}} หรือลองเข้าสู่ระบบอีกครั้งโดยใช้ {{origin}} หรือไม่</p>
<p>That email was registered using a password.</p><p>Please confirm your password to connect your account with {{third_party}}</p>,<p>อีเมลดังกล่าวได้รับการลงทะเบียนโดยใช้รหัสผ่าน</p><p>โปรดยืนยันรหัสผ่านของคุณเพื่อเชื่อมโยงบัญชีของคุณกับ {{third_party}}</p>
Connect {{third_party}},เชื่อมโยง {{third_party}}
Need an account?,ต้องมีบัญชีใช่ไหม
OR,หรือ
Password,รหัสผ่าน
Remember me,จดจำฉัน
Sign In,ลงชื่อเข้าใช้
You're signed in!,คุณลงชื่อเข้าใช้แล้ว!
You’ve Logged Out of ASICS,คุณได้ออกจากระบบของ ASICS แล้ว
You've logged out of ASICS ID,คุณได้ออกจากระบบของ ASICS ID แล้ว
You've logged out of ASICS ID,คุณได้ออกจากระบบของ ASICS ID แล้ว
You've logged out of ASICS ID,คุณได้ออกจากระบบของ ASICS ID แล้ว
You've logged out of OneAsics,คุณได้ออกจากระบบของ OneAsics แล้ว
Delete,ลบ
Edit,แก้ไข
Birth,วันเกิด
YYYY-MM-DD,ปปปป-ดด-วว
Country,ประเทศ
Select an Option,เลือกตัวเลือก
Email,อีเมล
Encrypted Password,รหัสผ่านที่เข้ารหัสลับ
First Name,ชื่อ
Gender,เพศ
Select an Option,เลือกตัวเลือก
ID,ID
Last Name,นามสกุล
Migrate From,โยกย้ายจาก
Select an Option,เลือกตัวเลือก
Receive News Letter,รับจดหมายข่าว
Migration Users,การโยกย้ายผู้ใช้
Migration Users,การโยกย้ายผู้ใช้
No migration users to show.,ไม่มีการโยกย้ายผู้ใช้ที่จะแสดง
Delete,ลบ
Edit,แก้ไข
Fail Clients,ลูกค้าผิดพลาด
Fail Count,จำนวนผิดพลาด
Fail Detail,รายละเอียดผิดพลาด
ID,ID
Notification Status,สถานะการแจ้งเตือน
Select an Option,เลือกตัวเลือก
User ID,ID ผู้ใช้
Notification Queue,คิวการแจ้งเตือน
Notification Queues,คิวการแจ้งเตือน
For security reasons your account is temporarily locked.,เพื่อเหตุผลด้านความปลอดภัย บัญชีของคุณจะถูกล็อคชั่วคราว
"You appear to have already created an account, please sign in.",ดูเหมือนว่าคุณได้สร้างบัญชีแล้ว โปรดลงชื่อเข้าใช้
You are ineligible to register for ASICS ID.,คุณไม่มีสิทธิ์ลงทะเบียน ASICS ID
Internal server error,ข้อผิดพลาดของเซิร์ฟเวอร์ภายใน
Please verify that you used your correct birthday.,โปรดตรวจสอบว่าคุณใช้วันเกิดที่ถูกต้อง
Invalid email,อีเมลไม่ถูกต้อง
Invalid email or password,อีเมลหรือรหัสผ่านไม่ถูกต้อง
The password must have at most 72 characters.,รหัสผ่านต้องประกอบด้วยอักขระอย่างมากที่สุด 72 ตัว
The password must have at least 6 characters.,รหัสผ่านต้องประกอบด้วยอักขระอย่างน้อยที่สุด 6 ตัว
User not found,ไม่พบผู้ใช้
For security reasons your account is temporarily locked.,เพื่อเหตุผลด้านความปลอดภัย บัญชีของคุณจะถูกล็อคชั่วคราว
"You appear to have already created an account, please <a href=""{{login_url}}"">sign in</a> instead.","ดูเหมือนว่าคุณได้สร้างบัญชีแล้ว โปรด<a href=""{{login_url}}"">ลงชื่อเข้าใช้</a>แทน"
The first name field is empty.,ช่องกรอกชื่อว่างอยู่
The family name field is empty.,ช่องกรอกนามสกุลว่างอยู่
You are ineligible to register for ASICS ID.,คุณไม่มีสิทธิ์ลงทะเบียน ASICS ID
Internal server error,ข้อผิดพลาดของเซิร์ฟเวอร์ภายใน
Please verify that you used your correct birthday.,โปรดตรวจสอบว่าคุณใช้วันเกิดที่ถูกต้อง
The email is invalid,อีเมลไม่ถูกต้อง
Invalid email or password,อีเมลหรือรหัสผ่านไม่ถูกต้อง
Please select your date of birth.,โปรดเลือกวันเกิดของคุณ
Please select your country.,โปรดเลือกประเทศของคุณ
Please select your gender.,โปรดเลือกเพศของคุณ
The password must have at most 72 characters.,รหัสผ่านต้องประกอบด้วยอักขระอย่างมากที่สุด 72 ตัว
The password must have at least 8 characters.,รหัสผ่านต้องประกอบด้วยอักขระอย่างน้อยที่สุด 8 ตัว
User not found,ไม่พบผู้ใช้
January,มกราคม
February,กุมภาพันธ์
November,พฤศจิกายน
December,ธันวาคม
March,มีนาคม
April,เมษายน
May,พฤษภาคม
June,มิถุนายน
July,กรกฎาคม
August,สิงหาคม
September,กันยายน
October,ตุลาคม
Next Month,เดือนหน้า
Previous Month,เดือนที่แล้ว
Sunday,อาทิตย์
Monday,จันทร์
Tuesday,อังคาร
Wednesday,พุธ
Thursday,พฤหัสบดี
Friday,ศุกร์
Saturday,เสาร์
Sun,อา.
Mon,จ.
Tue,อ.
Wed,พ.
Thu,พฤ.
Fri,ศ.
Sat,ส.
Edit Profile,แก้ไขโปรไฟล์
Please sign in to update your profile.,โปรดลงชื่อเข้าใช้เพื่ออัปเดตโปรไฟล์ของคุณ
SAVE,บันทึก
Save,บันทึก
Go back,กลับ
No transactions found in the selected time duration.,No transactions found in the selected time duration.
Delete,ลบ
ID,ID
Key,คีย์
Name,ชื่อ
Public keys,คีย์สาธารณะ
Public keys,คีย์สาธารณะ
CONFIRM EMAIL ADDRESS,ยืนยันที่อยู่อีเมล
Please confirm you email address,โปรดยืนยันที่อยู่อีเมลของคุณ
Please confirm your email address,โปรดยืนยันที่อยู่อีเมลของคุณ
Thank you for registering your ASICS ID. Click below to complete your registration.,ขอขอบคุณสำหรับการลงทะเบียน ASICS ID ของคุณ คลิกด้านล่างเพื่อดำเนินการลงทะเบียนให้เสร็จสมบูรณ์
Confirmation Failed,การยืนยันไม่สำเร็จ
Email Account Confirmed,ยืนยันบัญชีอีเมลแล้ว
Email Account Confirming…,กำลังยืนยันบัญชีอีเมล…
"By creating an ASICS account, I confirm that I have read and understand the applicable <a href=""{{privacy_url}}"" target=""_blank"">Privacy Policy</a> and that I agree to ASICS <a href=""{{terms_url}}"" target=""_blank"">Terms and Conditions</a>.","ด้วยการสร้างบัญชี ASICS ฉันยืนยันว่าได้อ่านและเข้าใจใน<a href=""{{privacy_url}}"" target=""_blank"">นโยบายความเป็นส่วนตัว</a>ที่ใช้บังคับ และฉันยอมรับใน<a href=""{{terms_url}}"" target=""_blank"">ข้อกำหนดและเงื่อนไข</a>ของ ASICS"
Already registered? Sign in,ลงทะเบียนแล้วใช่ไหม ลงชื่อเข้าใช้
ASICS ID is the new way to sign in with ASICS services,ASICS ID เป็นวิธีใหม่ในการลงชื่อเข้าใช้ด้วยบริการของ ASICS
Women,หญิง
Tailor Gear and Services For:,ออกแบบอุปกรณ์และบริการสำหรับ:
Men,ชาย
"By creating an ASICS account, I confirm that I have read and understand the applicable <a href=""{{privacy_url}}"" target=""_blank"">Privacy Policy</a> and that I agree to ASICS Studio <a href=""{{terms_url}}"" target=""_blank"">Terms and Conditions</a>.","ด้วยการสร้างบัญชี ASICS ฉันยืนยันว่าได้อ่านและเข้าใจใน<a href=""{{privacy_url}}"" target=""_blank"">นโยบายความเป็นส่วนตัว</a>ที่ใช้บังคับ และฉันยอมรับใน<a href=""{{terms_url}}"" target=""_blank"">ข้อกำหนดและเงื่อนไข</a>ของ ASICS Studio"
Women,หญิง
Tailor Gear and Services For:,ออกแบบอุปกรณ์และบริการสำหรับ:
Men,ชาย
Confirm your password…,ยืนยันรหัสผ่านของคุณ…
Country,ประเทศ
Create Your ASICS ID,สร้าง ASICS ID ของคุณ
Date of Birth,วันเกิด
Day,วัน
Email,อีเมล
Enter your email address…,กรอกที่อยู่อีเมลของคุณ…
Enter your first name,กรอกชื่อของคุณ
Enter your surname,กรอกนามสกุลของคุณ
Enter your password…,กรอกรหัสผ่านของคุณ…
Please accept our terms & conditions and privacy policy.,โปรดยอมรับข้อกำหนดและเงื่อนไขและนโยบายความเป็นส่วนตัวของเรา
The email field is empty.,ช่องกรอกอีเมลว่างอยู่
The first name field is empty.,ช่องกรอกชื่อว่างอยู่
The family name field is empty.,ช่องกรอกนามสกุลว่างอยู่
The password field is empty.,ช่องกรอกรหัสผ่านว่างอยู่
"Sorry, but an email is required to create an ASICS ID and there is no email associated with your Facebook account. Please choose an alternative method.",ขออภัย ต้องมีอีเมลเพื่อสร้าง ASICS ID และไม่มีอีเมลที่เชื่อมโยงกับบัญชี Facebook ของคุณ โปรดเลือกวิธีอื่น
Password does not match the confirm password.,รหัสผ่านไม่ตรงกับรหัสผ่านที่ยืนยัน
Please select your date of birth.,โปรดเลือกวันเกิดของคุณ
Please select your country.,โปรดเลือกประเทศของคุณ
Female,หญิง
First Name,ชื่อ
Gender,เพศ
"By creating an ASICS account, I confirm that I have read and understand the applicable <a href=""{{privacy_url}}"" target=""_blank"">Privacy Policy</a> and that I agree to Haglöfs <a href=""{{terms_url}}"" target=""_blank"">Terms and Conditions</a>.","ด้วยการสร้างบัญชี ASICS ฉันยืนยันว่าได้อ่านและเข้าใจใน<a href=""{{privacy_url}}"" target=""_blank"">นโยบายความเป็นส่วนตัว</a>ที่ใช้บังคับ และฉันยอมรับใน<a href=""{{terms_url}}"" target=""_blank"">ข้อกำหนดและเงื่อนไข</a>ของ Haglöfs"
Family Name,นามสกุล
Male,ชาย
Month,เดือน
"By registering I accept the <a href=""{{terms_url}}"" target=""_blank"">terms & conditions</a> of ASICS","ด้วยการลงทะเบียนแสดงว่าฉันยอมรับใน<a href=""{{terms_url}}"" target=""_blank"">ข้อกำหนดและเงื่อนไข</a>ของ ASICS"
"We sent you a confirmation email, please check your inbox.",เราได้ส่งอีเมลยืนยันให้กับคุณแล้ว โปรดตรวจสอบกล่องจดหมายเข้า
New Account Created,สร้างบัญชีใหม่แล้ว
I would like to receive news and promotions from ASICS by email tailored to my preferences and interests.,ฉันประสงค์ที่จะรับข่าวสารและโปรโมชั่นจาก ASICS ผ่านทางอีเมลที่กำหนดตามความชอบและความสนใจของฉัน
Women,หญิง
Tailor Gear and Services For:,ออกแบบอุปกรณ์และบริการสำหรับ:
Men,ชาย
OR,หรือ
Other,อื่นๆ
Password,รหัสผ่าน
"ASICS requires this information so that we may provide our services to you and communicate with you. We will handle your personal data in accordance with our <a href=""{{privacy_url}}"" target=""_blank"">privacy policy.</a>","ASICS ต้องการข้อมูลนี้เพื่อการส่งมอบบริการของเราให้กับคุณ และเพื่อสื่อสารกับคุณ เราจะจัดการกับข้อมูลส่วนบุคคลของคุณโดยให้สอดคล้องกับ<a href=""{{privacy_url}}"" target=""_blank"">นโยบายความเป็นส่วนตัวของเรา</a>"
REGISTER,ลงทะเบียน
Required fields,ช่องที่ต้องกรอก
"By creating an ASICS account, I confirm that I have read and understand the applicable <a href=""{{privacy_url}}"" target=""_blank"">Privacy Policy</a> and that I agree to Runkeeper <a href=""{{terms_url}}"" target=""_blank"">Terms and Conditions</a>.","ด้วยการสร้างบัญชี ASICS ฉันยืนยันว่าได้อ่านและเข้าใจใน<a href=""{{privacy_url}}"" target=""_blank"">นโยบายความเป็นส่วนตัว</a>ที่ใช้บังคับ และฉันยอมรับใน<a href=""{{terms_url}}"" target=""_blank"">ข้อกำหนดและเงื่อนไข</a>ของ Runkeeper"
Select,เลือก
Select your country,เลือกประเทศของคุณ
Sign in with Facebook,ลงชื่อเข้าใช้ด้วย Facebook
Sign in with Google,ลงชื่อเข้าใช้ด้วย Google
Sign Up with Facebook,ลงชื่อสมัครด้วย Facebook
Sign Up with Google,ลงชื่อสมัครด้วย Google
"I would like to receive newsletters and information about products, services and events by e-mail, tailored to my interests and preferences, as described in the <a href=""{{privacy_url}}"" target=""_blank"">Privacy Policy</a>.","ฉันประสงค์ที่จะรับจดหมายข่าวและข้อมูลเกี่ยวกับผลิตภัณฑ์ บริการ และกิจกรรมผ่านทางอีเมลที่กำหนดตามความสนใจและความชอบของฉันตามที่อธิบายไว้ใน<a href=""{{privacy_url}}"" target=""_blank"">นโยบายความเป็นส่วนตัว</a>"
"We will email you occasionally with the latest news about the products, services, online tools, events and promotions of our brands (ASICS, ASICS Tiger, Onitsuka Tiger, Haglöfs and Runkeeper). To understand what is relevant to you we use automatic tools to analyze your personal data. For more information see our privacy policy.","เราจะส่งอีเมลให้กับคุณเป็นระยะๆ เพื่อแจ้งข่าวสารล่าสุดเกี่ยวกับผลิตภัณฑ์ บริการ เครื่องมือทางออนไลน์ กิจกรรมและโปรโมชั่นต่างๆ ในแบรนด์ของเรา (ASICS, ASICS Tiger, Onitsuka Tiger, Haglöfs และ Runkeeper) เพื่อที่จะทำความเข้าใจในสิ่งที่เกี่ยวข้องกับคุณ เราจะใช้เครื่องมืออัตโนมัติในการวิเคราะห์ข้อมูลส่วนบุคคลของคุณ สำหรับข้อมูลเพิ่มเติม โปรดดูที่นโยบายความเป็นส่วนตัวของเรา"
Thanks for logging in with {{third_party}}.<br />Please complete your registration by filling out the fields below.,ขอขอบคุณสำหรับการเข้าสู่ระบบด้วย {{third_party}}<br />โปรดดำเนินการลงทะเบียนให้เสร็จสมบูรณ์ด้วยการกรอกข้อมูลในช่องด้านล่างนี้
Year,ปี
Already have an account?,มีบัญชีแล้วใช่ไหม
Your key to gear and services from the entire ASICS family.,กุญแจสำคัญของคุณในการเข้าถึงอุปกรณ์และบริการจากทั้งกลุ่ม ASICS
One Account. OneASICS.,One Account OneASICS
Already have an ASICS account?,มีบัญชี ASICS แล้วใช่ไหม
"One account, one simple way to move across the entire ASICS family.",วิธีเดียวที่ง่ายดายในการสำรวจกลุ่ม ASICS ทั้งหมด
Sign Up for ASICS Studio with,ลงชื่อสมัครสำหรับ ASICS Studio ด้วย
Already have an account?,มีบัญชีแล้วใช่ไหม
Your key to gear and services from the entire ASICS family.,กุญแจสำคัญของคุณในการเข้าถึงอุปกรณ์และบริการจากทั้งกลุ่ม ASICS
One Account. OneASICS.,One Account OneASICS
You appear to have already created an account. Please check your email for a password reset link.,ดูเหมือนว่าคุณได้สร้างบัญชีแล้ว โปรดตรวจสอบอีเมลของคุณเพื่อดูลิงก์สำหรับรีเซ็ตรหัสผ่าน
Get Started,เริ่มต้น
Why ASICS ID? This is because we are a part of the ASICS family and the ID is a unified way to move across all ASICS companies with brands such as:,เหตุผลที่ต้องใช้ ASICS ID เนื่องจากเราเป็นส่วนหนึ่งของกลุ่ม ASICS และ ID คือวิธีรวมในการสลับไปมาระหว่างบริษัททั้งหมดของ ASICS พร้อมแบรนด์อย่างเช่น:
Sign Up for Haglöfs with,ลงชื่อสมัครสำหรับ Haglöfs ด้วย
One account. <br /><br />One simple way to move across the entire ASICS family.,One account <br /><br />วิธีเดียวที่ง่ายดายในการสำรวจกลุ่ม ASICS ทั้งหมด
"One account. OneASICS. <br /><br />One simple way to move across the entire ASICS family. Plus, it’s your key to exclusive discounts, products, events, and more.",One account OneASICS <br /><br />วิธีเดียวที่ง่ายดายในการสำรวจกลุ่ม ASICS ทั้งหมด และยังเป็นกุญแจสำคัญของคุณในการรับส่วนลดพิเศษ เข้าถึงผลิตภัณฑ์ กิจกรรม และอื่นๆ
Your key to gear and services from the entire ASICS family.,กุญแจสำคัญของคุณในการเข้าถึงอุปกรณ์และบริการจากทั้งกลุ่ม ASICS
One Account. OneASICS.,One Account OneASICS
We joined the ASICS family to better pursue our mission of getting the whole world running and provide our community with access to industry-leading training plans and exclusive offers.<br /><br />OneASICS is a single sign-on that will seamlessly link your accounts across the ASICS brand family.,เราได้เข้าร่วมกับกลุ่ม ASICS เพื่อพัฒนาการดำเนินรอยตามพันธกิจของเราในการผลักดันโลกของการวิ่ง และให้สิทธิ์แก่ชุมชนของเราในการเข้าถึงแผนการฝึกชั้นนำในอุตสาหกรรม และข้อเสนอที่พิเศษเฉพาะ<br /><br />OneASICS คือการยืนยันตัวบุคคลที่รองรับการลงชื่อเข้าใช้งานระบบเพียงครั้งเดียว ซึ่งจะเชื่อมโยงบัญชีของคุณกับกลุ่มแบรนด์ ASICS ทั้งหมดได้อย่างราบรื่น
Sign Up for Runkeeper with,ลงชื่อสมัครสำหรับ Runkeeper ด้วย
Sign In,ลงชื่อเข้าใช้
Sign Up With Email,ลงชื่อสมัครด้วยอีเมล
Welcome to,ยินดีต้อนรับสู่
SET MY PASSWORD,ตั้งรหัสผ่านของฉัน
Welcome! Your ASICS account registration is almost complete. Click the button below to create your password and you'll be all set.,ยินดีต้อนรับ! การลงทะเบียนบัญชี ASICS ของคุณเกือบเสร็จสมบูรณ์แล้ว คลิกปุ่มด้านล่างเพื่อสร้างรหัสผ่าน และคุณก็จะพร้อมใช้งานแล้ว
Set Your Password,ตั้งรหัสผ่านของคุณ
"Note: If this email was sent in error, just ignore it. You don't need to take any action, none of your data will be changed.",หมายเหตุ: ไม่ต้องสนใจ หากอีเมลนี้ถูกส่งเนื่องจากข้อผิดพลาด คุณไม่ต้องดำเนินการใดๆ จะไม่มีการเปลี่ยนแปลงข้อมูลใดๆ ของคุณ
RESET MY PASSWORD,ตั้งรหัสผ่านใหม่
Reset My Password,ตั้งรหัสผ่านใหม่
Reset Your Password,รีเซ็ตรหัสผ่านของคุณ…
Reset your ASICS ID password,รีเซ็ตรหัสผ่าน ASICS ID ของคุณ
"Someone – probably you – has requested to reset the password for your ASICS ID. If you want to reset your password, please click on the button below.",ใครบางคนซึ่งอาจเป็นคุณได้ขอให้มีการรีเซ็ตรหัสผ่านสำหรับ ASICS ID ของคุณ หากคุณต้องการรีเซ็ตรหัสผ่าน โปรดคลิกปุ่มด้านล่าง
Confirm your password…,ยืนยันรหัสผ่านของคุณ…
Enter your password…,กรอกรหัสผ่านของคุณ…
The password field is empty.,ช่องกรอกรหัสผ่านว่างอยู่
Password does not match the confirm password.,รหัสผ่านไม่ตรงกับรหัสผ่านที่ยืนยัน
Login,เข้าสู่ระบบ
Need to login,ต้องเข้าสู่ระบบ
New Password,รหัสผ่านใหม่
You can now login to all ASICS services with your new password.,ตอนนี้ คุณสามารถเข้าสู่ระบบเพื่อไปยังบริการทั้งหมดของ ASICS ได้ด้วยรหัสผ่านใหม่
New Password Has Been Set,ตั้งรหัสผ่านใหม่แล้ว
Reset Your ASICS ID Password,รีเซ็ตรหัสผ่าน ASICS ID ของคุณ
SET NEW PASSWORD,ตั้งรหัสผ่านใหม่
Password Field,ช่องกรอกรหัสผ่าน
Set Password,ตั้งรหัสผ่าน
{{.Name}} was successfully created,สร้าง {{.Name}} เรียบร้อยแล้ว
ru-RU,ru-RU
Welcome to the best of everything.,ยินดีต้อนรับสู่ทุกสิ่งที่ดีที่สุด
You're In,คุณมาถึงแล้ว
Enter your information to help us tailor gear and services for you.,กรอกข้อมูลของคุณเพื่อช่วยเราในการออกแบบอุปกรณ์และบริการสำหรับคุณ
Create Your ASICS Account,สร้างบัญชี ASICS ของคุณ
Welcome to the best of everything.,ยินดีต้อนรับสู่ทุกสิ่งที่ดีที่สุด
You're In,คุณมาถึงแล้ว
Enter your information to help us tailor gear and services for you.,กรอกข้อมูลของคุณเพื่อช่วยเราในการออกแบบอุปกรณ์และบริการสำหรับคุณ
Country,ประเทศ
Create Your Account,สร้างบัญชีของคุณ
Date of Birth,วันเกิด
Email,อีเมล
Female,หญิง
First Name,ชื่อ
Gender,เพศ
Last Name,นามสกุล
Male,ชาย
New Account Created,สร้างบัญชีใหม่แล้ว
Welcome to the best of everything.,ยินดีต้อนรับสู่ทุกสิ่งที่ดีที่สุด
You're In,คุณมาถึงแล้ว
Enter your information to help us tailor gear and services for you.,กรอกข้อมูลของคุณเพื่อช่วยเราในการออกแบบอุปกรณ์และบริการสำหรับคุณ
Other,อื่นๆ
Password,รหัสผ่าน
Must be at least 8 characters,ต้องมีอักขระอย่างน้อย 8 ตัว
Required fields,ช่องที่ต้องกรอก
We need your date of birth to generate personalized training plans for you.,เราต้องใช้วันเกิดของคุณเพื่อสร้างแผนการฝึกส่วนบุคคลสำหรับคุณ
Select your country,เลือกประเทศของคุณ
Select your gender,เลือกเพศของคุณ
Sign Up,ลงชื่อสมัคร
"By signing up for ASICS ID you are agreeing to the <a href=""{{terms_url}}"" rel=""nofollow"">terms and conditions</a>. You can read about our privacy policy <a href=""{{privacy_url}}"" rel=""nofollow"">here</a>.","ด้วยการลงชื่อสมัครใช้ ASICS ID แสดงว่าคุณยอมรับใน<a href=""{{terms_url}}"" rel=""nofollow"">ข้อกำหนดและเงื่อนไข</a> คุณสามารถอ่านนโยบายความเป็นส่วนตัวของเราได้<a href=""{{privacy_url}}"" rel=""nofollow"">ที่นี่</a>"
sv-SE,sv-SE
Change Email,เปลี่ยนอีเมล
Change Password,เปลี่ยนรหัสผ่าน
Cookie Policy,นโยบายเกี่ยวกับคุกกี้
Delete,ลบ
Forget Password,ลืมรหัสผ่าน
home,โฮมเพจ
Login,เข้าสู่ระบบ
Logout,ออกจากระบบ
Profile,โปรไฟล์
Register Lander,ลงทะเบียน Lander
Terms and Conditions,ข้อกำหนดและเงื่อนไข
Registered Customers,ลูกค้าที่ลงทะเบียนแล้ว
"If you have an account, sign in with your email address.","หากคุณมีบัญชีผู้ใช้งาน กรุณาลงชื่อเข้าใช้งานด้วยอีเมลแอดเดรสของคุณ"
Required Fields,Required Fields
Please enter a valid email address (Ex: johndoe@domain.com).,กรุณากรอกอีเมล์แอดเดรส (เช่น johndoe@domain.com)
The account sign-in was incorrect or your account is disabled temporarily. Please wait and try again later.,การลงชื่อเข้าใช้งานไม่ถูกต้องหรือแอคเคาท์ของท่านอาจถูกปิดใช้งานชั่วคราว กรุณารอสักครู่แล้วลองลงชื่อเข้าใช้งานอีกครั้ง
This is a required field.,ท่านจำเป็นต้องกรอกข้อมูลในช่องนี้
Manage Addresses,แก้ไขข้อมูลที่อยู่
You have not set a default billing address.,ท่านไม่ได้กำหนดที่อยู่สำหรับเรียกเก็บเงิน (ที่ใช้แสดงเป็นค่าตั้งต้น)
Edit Account Information,แก้ไขข้อมูลบัญชีผู้ใช้งาน
• Faster checkout,• ชำระเงินเร็วขึ้น
• Fuss-free returns,"• คืนสินค้าอย่างสะดวกสบาย"
• Order history tracking,• ติดตามประวัติการสั่งซื้อ
Hello,สวัสดี
LOGOUT,ออกจากระบบ
My Profile,ประวัติของฉัน
My Orders ,คำสั่งของฉัน
My Wishlist,"รายการสิ่งที่ปรารถนา"
My Saved Cart,รถเข็นที่บันทึกไว้ของฉัน
My Saved Addresses,ที่อยู่ที่บันทึกไว้ของฉัน
My Returns,การคืนสินค้าของฉัน
Additional Settings,การตั้งค่าเพิ่มเติม
Order ID:,หมายเลขคำสั่งซื้อ:
Item(s),รายการ
Show…per page,แสดงข้อมูลหน้าละ...รายการ
No. Of Items:,หมายเลขรายการ :
View Details,ดูรายละเอียด
Account Information,ข้อมูลบัญชีผู้ใช้งาน
CONTACT INFORMATION,ข้อมูลสำหรับติดต่อ
Contact Information,ข้อมูลสำหรับติดต่อ
NEWSLETTERS,จดหมายข่าว
Newsletters,จดหมายข่าว
NEWSLETTER,จดหมายข่าว
"You are subscribed to ""General Subscription"".","ท่านได้ลงชื่อรับ ""ข้อมูลข่าวสารทั่วไป"" แล้ว"
Address Book,สมุดบันทึกที่อยู่
Default Billing Address,ที่อยู่สำหรับเรียกเก็บเงิน (ที่ใช้แสดงเป็นค่าตั้งต้น)
Default Shipping Address,ที่อยู่สำหรับจัดส่ง (ที่ใช้แสดงเป็นค่าตั้งต้น)
Buy now,ซื้อตอนนี้
Empty Saved Address,"ยังไม่มีข้อมูลที่อยู่"
There are no Shipping Addresses saved for this account.,ไม่มีที่อยู่จัดส่งสำหรับบัญชีนี้
BUY ALL,ซื้อทั้งหมด
Buy All,ซื้อทั้งหมด
BUY ALL SELECTED,เลือกซื้อ
Buy All Selected,เลือกซื้อ
Create New Address,สร้างที่อยู่ใหม่
Phone Number,หมายเลขโทรศัพท์
Province,"จังหวัด"
District,เมือง
My Returns,การคืนสินค้าของฉัน
My Returns Requests,การขอคืนสินค้าของฉัน
You have placed no return request.,ท่านไม่ได้ทำการขอคืนสินค้าใด
GSM,GSM
Sign Up For Our Newsletter,ลงทะเบียน Newsletter
Receive special offers & the latest exclusive news about Onitsuka Tiger products.,รับข้อเสนอสุดพิเศษ และข่าวสารเกี่ยวกับผลิตภัณฑ์ตัวใหม่ของ Onitsuka Tiger ก่อนใคร
"I would like to receive communications from ONITSUKA TIGER - including for exclusive member services, events, and gear. I have read , understood and agree to the applicable <a href='%1'>Privacy Policy</a>","ฉันยินยอมรับข่าวสารจาก ONITSUKA TIGER รวมถึงการให้บริการสมาชิก กิจกรรม และสินค้าต่างๆ ฉันได้อ่านทำความเข้าใจและยอมรับ<a href=""%1"">นโยบายความเป็นส่วนตัว</a>แล้ว"
SIGN UP,สมัคร
TRACK YOUR ORDER,ติดตามคำสั่งซื้อของท่าน
Track your order,ติดตามคำสั่งซื้อของท่าน
Track Your Order,ติดตามคำสั่งซื้อของท่าน
Get updates about your Order status. Enter your Order ID and Email.,รับข้อมูลอัพเดทสถานะการสั่งซื้อ กรอกหมายเลขคำสั่งซื้อและอีเมล์แอดเดรส
TRACK ORDER,ติดตามสินค้า
Track Order,ติดตามสินค้า
Item in Cart,สินค้าในตะกร้า
Order Subtotal,รวมยอดสั่งซื้อ
VIEW AND EDIT CART,ตรวจสอบและแก้ไขข้อมูลในตะกร้า
View and Edit Cart,ตรวจสอบและแก้ไขข้อมูลในตะกร้า
Clear Shopping Cart,ลบข้อมูลทั้งหมดในตะกร้าสั่งซื้อ
Update Shopping Cart,อัพเดทข้อมูลในตะกร้าสั่งซื้อ
STORE FINDER,ค้นหาร้าน
* Required Fields,กรุณากรอกข้อมูลให้ครบถ้วน
create an id,สร้าง ID
"I have read the <a href=""%1"">Onitsuka Tiger terms and conditions</a> and I agree with it.","ฉันได้อ่าน <a href=""%1"">ข้อกำหนดและเงื่อนไขของ Onitsuka Tiger</a> และฉันยอมรับแล้ว"
Hello %1,สวัสดี %1
(LogOut),(ออกจากระบบ)
Sign up for our newsletter and receive 10% off your first purchase.,ลงทะเบียนเพื่อติดตามข่าวสารและ รับส่วนลด 10% ในการซื้อครั้งแรกของคุณ.
Enter Email Address,กรอกอีเมล
DATE OF BIRTH:,วันเกิด
Date,วันที่
You must be at least sixteen (16) years of age to subscribe.,คุณต้องมีอายุไม่ต่ำกว่า 16 ปีเพื่อลงทะเบียนติดตามเรา.
I have read the <a href='%1'>privacy policy</a> and agree with it upon clicking the Submit button.,ฉันได้อ่าน <a href='%1'>นโยบายความเป็นส่วนตัวของ</a> ASICS และยืนยันด้วยการคลิ๊กปุ่มลงทะเบียน
*Highlighted fields are mandatory.,ส่วนที่ไฮไลท์คือส่วนที่ต้องกรอก
Thank You,ขอขอบคุณ
Submit,ส่ง
Place Order,ยืนยันการสั่งซื้อ
Subtotal  (Exclusive of GST),รวม (พิเศษ GST)
Subtotal  (Inclusive of GST),รวม (รวม GST)
Address,ที่อยู่
Address%1,ที่อยู่%1
Save & Continue,บันทึกและดำเนินการต่อ
Save and Continue,บันทึกและดำเนินการต่อ
Do you want to remove the address?,ท่านต้องการลบข้อมูลที่อยู่หรือไม่
Yes,ใช่
don't have an id?,ท่านไม่มีหมายเลขประจำตัวหรือ
Change Email and Password,เปลี่ยนอีเมล์และรหัสผ่าน
Recent Orders,คำสั่งซื้อล่าสุด
View All,ดูข้อมูลทั้งหมด
Order,คำสั่งซื้อ
Order #,คำสั่งซื้อ
Date,วันที่
Ship To,จัดส่งไปยัง
Order Total,ยอดสั่งซื้อ
Status,สถานะ
Action,การดำเนินการ
You aren't subscribed to our newsletter.,ท่านไม่ได้ลงทะเบียนรับจดหมายข่าวจากเรา
View Order,ดูข้อมูลคำสั่งซื้อ
You have successfully signed up to receive ASICS newsletters.,ท่านได้ลงทะเบียนเพื่อรับจดหมายข่าวจาก ASICS เรียบร้อยแล้ว
Tax,ภาษี
Minimum length of this field must be equal or greater than %1 symbols. Leading and trailing spaces will be ignored.,ข้อมูลในช่องนี้จะต้องประกอบด้วยอักษรอย่างน้อย %1 ตัว ระบบจะไม่นับช่องว่างด้านหน้าสุดและด้านหลังสุด
"Minimum of different classes of characters in password is %1. Classes of characters: Lower Case, Upper Case, Digits, Special Characters.","ข้อมูลในช่องนี้จะต้องเป็นไปตามเงื่อนไขที่ระบุด้านล่างนี้อย่างน้อย %1 ประการ เงื่อนไข: มีอักษรตัวพิมพ์เล็ก, มีอักษรตัวพิมพ์ใหญ่, มีตัวเลข, มีอักษรพิเศษอื่น ๆ"
Password Strength,ระดับความปลอดภัยของรหัสผ่าน
Weak,ต่ำ
Strong,สูง
Show,แสดงข้อมูลหน้าละ
per page,รายการ
%1 Item,รายการ
%1 Items,รายการ
%1 Item(s),รายการ
"ASICS (Thailand) Co., Ltd.",บริษัท ASICS (ประเทศไทย) จำกัด
"11/1 AIA Sathorn Tower 14th Floor, Unit 01",11/1 เอไอเอสาทรทาวเวอร์ชั้น 14 ยูนิต 01
"South Sathorn Road, Yannawa,",ถนนสาทรใต้ยานนาวา
"Sathorn, Bangkok 10120 Thailand",สาทร 10120 ประเทศไทย
TAX ID,รหัสภาษี
TAX INVOICE / RECEIPT,ใบกำกับภาษี / ใบเสร็จรับเงิน
SHIPPING ADDRESS,ที่อยู่จัดส่ง
BILLING ADDRESS,ที่อยู่เรียกเก็บเงิน
SHIPPING METHOD,วิธีการส่ง
ORDER DETAILS,รายละเอียดการสั่งซื้อ
Order No,หมายเลขสั่งซื้อ
Order Date,วันสั่งซื้อ
Invoice No,หมายเลขใบแจ้งหนี้
Invoice Date,วันที่แจ้งหนี้
Tax Invoice No,หมายเลขใบกำกับภาษี
Tax Invoice Date,วันที่ในใบกำกับภาษี
RETURN FORM,แบบฟอร์มรับคืน
Postal Returns (For Home Delivery orders),ส่งคืนทางไปรษณีย์ (สำหรับคำสั่งซื้อจัดส่งที่บ้าน)
Please note that an online return request form has to be raised in order to process your return.,โปรดทราบว่าจะต้องยกแบบฟอร์มการส่งคืนแบบออนไลน์เพื่อประมวลผลการส่งคืนของคุณ
You will need to fill in the above Return Form and insert it into your return parcel.,คุณจะต้องกรอกแบบฟอร์มส่งคืนข้างต้นและใส่ลงในพัสดุส่งคืน
You will need to fill in the above Return Form and hand it over to the store in order to process your return.,คุณจะต้องกรอกแบบฟอร์มส่งคืนข้างต้นและส่งมอบให้กับร้านค้าเพื่อดำเนินการส่งคืนสินค้าของคุณ
Sire too big,ฝ่าบาทใหญ่เกินไป
Size too small,ขนาดเล็กเกินไป
Unhappy with quality,ไม่พอใจกับคุณภาพ
Unhappy with material,ไม่พึงพอใจกับวัสดุ
Not as pictured,ไม่เป็นภาพ
Not as described,ไม่เป็นไปตามที่อธิบายไว้
Parcel damaged on arrival,พัสดุเสียหายเมื่อมาถึง
Wrong item sent,ส่งรายการผิด
Defective item sent,ส่งรายการที่มีข้อบกพร่อง
Change of mind,เปลี่ยนใจ
No,จำนวน
Product No,รหัสสินค้า
Item Description,รายละเอียดสินค้า
Quantity,ปริมาณ
Unit Price,ราคาต่อหน่วย
Discount,ส่วนลด
Subtotal,รวม
*Note: You may receive your order in multiple shipments,* หมายเหตุ: คุณอาจได้รับสินค้าในการจัดส่งหลายครั้ง
Please reject shipment(s) if packaging has signs of severe damage such as torn packaging,โปรดปฏิเสธการจัดส่งหากบรรจุภัณฑ์มีร่องรอยของความเสียหายรุนแรงเช่นบรรจุภัณฑ์ฉีกขาด
Subtotal (Inclusive of %1):,รวม (รวม %1):
Cart Discount:,ส่วนลดรถเข็น:
Shipping:,ค่าจัดส่ง:
Total Due(Inclusive of %1):,ยอดรวมที่ครบกำหนด(รวม %1):
%1 %2%:,%1 %2%:
Gross Amount:,ยอดรวม:
Return(Please Tick),กลับมา (โปรดติ๊ก)
Return Quantity,ส่งคืนปริมาณ
Reason Code,รหัสเหตุผล
We will contact you thereafter to arrange for a pick up of your order.,เราจะติดต่อคุณหลังจากนั้นเพื่อนัดหมายการรับสินค้า
You have the right to cancel and return your order within %1 days of receiving your ordered goods.,คุณมีสิทธิ์ในการยกเลิกและส่งคืนสินค้าภายใน %1 วันหลังจากได้รับสินค้าที่สั่งซื้อ
Please allow at least %1 working days to process your refunds.,โปรดรออย่างน้อย %1 วันทำการในการประมวลผลการคืนเงินของคุณ
"If you have opted for guest checkout, please email %1 to process your returns.",หากคุณเลือกที่จะชำระเงินสำหรับแขข guest checkout โปรดส่งอีเมลถึ %1 เพื่อดำเนินการส่งคืนสินค้าของคุณ
No Password,ไม่มีรหัสผ่าน
Reload captcha,ดาวน์โหลด captcha อีกครั้ง
Please enter your email address below to receive a password reset link.,"กรุณากรอกอีเมลแอดเดรสด้านล่างนี้เพื่อรับลิ้งก์สำหรับตั้งรหัสผ่านใหม่"
Please type the letters and numbers below,กรุณากรอกอักษรและตัวเลขด้านล่างนี้
Confirm New Password,ยืนยันรหัสผ่านใหม่
Return All,คืนทั้งหมด
Create new return request,สร้างคำขอคืนสินค้าใหม่
You have not set a default shipping address.,ท่านไม่ได้กำหนดที่อยู่สำหรับจัดส่ง (ที่ใช้แสดงเป็นค่าตั้งต้น)
You need to agree with the ASICS terms and conditions.,ท่านจำเป็นต้องให้ความยินยอมตามข้อกำหนดและเงื่อนไขของ ASICS
Order Return,ขอคืนสินค้า
Additional remarks,หมายเหตุเพิ่มเติม
Original mode of payment,วิธีการชำระเงินเดิม
I confirm that the product is unused and with original tags intact.,ข้าพเจ้ายืนยันว่าสินค้ายังไม่ได้ถูกใช้งาน อยู่ในสภาพสมบูรณ์ และมีป้ายสินค้าครบถ้วนตามเดิม
Attention,ข้อควรระวัง
Items were not selected,สินค้ายังไม่ถูกเลือก
Please accept the Return Policy,กรุณายอมรับนโยบายการคืนสินค้า
You have successfully signed up to receive ASICS newsletters.,ท่านได้ลงทะเบียนเพื่อรับจดหมายข่าวจาก ASICS เรียบร้อยแล้ว
Please Select Reason for,กรุณาเลือกเหตุผลสำหรับ
"The order wasn't placed. First, agree to the terms and conditions, then try placing your order again.","ไม่ได้ส่งคำสั่งซื้อ ก่อนอื่นให้ยอมรับข้อกำหนดและเงื่อนไขจากนั้นลองสั่งซื้ออีกครั้ง"
"The order wasn't placed. ","ไม่ได้ส่งคำสั่งซื้อ"
"First, agree to the terms and conditions, then try placing your order again.","ก่อนอื่นให้ยอมรับข้อกำหนดและเงื่อนไขจากนั้นลองสั่งซื้ออีกครั้ง"
"Paste the pre-paid return shipping label that is include with your order, and drop it off at any post office or POPStation.",วางฉลากการส่งคืนที่จ่ายล่วงหน้าซึ่งรวมอยู่ในคำสั่งซื้อของคุณแล้วส่งไปที่ที่ทำการไปรษณีย์หรือ POPStation
Store Returns (For Click & Collect orders),เก็บผลตอบแทน (สำหรับการคลิก & รวบรวมคำสั่งซื้อ)
"All returned item(s) must be in their original condition and packaging, and sent back to us within %1 days of receiving your order.",รายการที่ส่งคืนทั้งหมดจะต้องอยู่ในสภาพเดิมและบรรจุภัณฑ์และส่งกลับมาให้เราภายใน %1 วันหลังจากได้รับสินค้า
Please enter a valid number in this field.,โปรดป้อนหมายเลขที่ถูกต้องในฟิลด์นี้
"Please enter less or equal than %1 symbols.","โปรดป้อนสัญลักษณ์น้อยกว่าหรือเท่ากับ %1"
"Please enter more or equal than %1 symbols.","โปรดป้อนสัญลักษณ์มากกว่าหรือเท่ากับ %1"
Please enter more or equal than {0} symbols.,โปรดป้อนสัญลักษณ์น้อยกว่าหรือเท่ากับ {0}
Please enter less or equal than {0} symbols.,โปรดป้อนสัญลักษณ์น้อยกว่าหรือเท่ากับ {0}
You have the right to cancel and return your order within 7 days of receiving your ordered goods.,คุณมีสิทธิ์ในการยกเลิกและส่งคืนสินค้าภายใน 7 วันหลังจากได้รับสินค้าที่สั่งซื้อ
Please allow at least 15 working days to process your refunds.,โปรดรออย่างน้อย 15 วันทำการในการประมวลผลการคืนเงินของคุณ
"Paste the pre-paid return shipping label that is include with your order, and drop it off at any post office or POPStation.",วางฉลากการส่งคืนที่จ่ายล่วงหน้าซึ่งรวมอยู่ในคำสั่งซื้อของคุณแล้วส่งไปที่ที่ทำการไปรษณีย์หรือ POPStation
Store Returns (For Click & Collect orders),เก็บผลตอบแทน (สำหรับการคลิก & รวบรวมคำสั่งซื้อ)
"Subtotal (Inclusive of VAT):",รวม (รวม VAT):
"Total Due(Inclusive of VAT):",ยอดรวมที่ครบกำหนด (รวม VAT):
"Sathorn, BangKok 10120 Thailand",สาทร 10120 ประเทศไทย
"Please note that we accept all items except all sale items, socks, and innerwear items, with original tags and in their original packaging.",โปรดทราบว่าเรายอมรับสินค้าทั้งหมดยกเว้นสินค้าลดราคาถุงเท้าและชุดชั้นในที่มีแท็กดั้งเดิมและในบรรจุภัณฑ์เดิม
Please select an option,กรุณาเลือกตัวเลือก
Please select an option.,กรุณาเลือกตัวเลือก
Are you sure you would like to remove this item from the shopping cart?,คุณแน่ใจหรือไม่ว่าต้องการลบรายการนี้ออกจากตะกร้าสินค้า
"We have a 7 days return policy from the date of receiving your ordered goods.","เรามีนโยบายการคืน 7 วันนับจากวันที่ได้รับสินค้าที่คุณสั่งซื้อ"
"We have a 7 days return policy from the date of receiving your ordered goods.",เรามีนโยบายการคืน 7 วันนับจากวันที่ได้รับสินค้าที่คุณสั่งซื้อ
"All returned item(s) must be in their original condition and packaging, and sent back to us within 14 days of receiving your order.",รายการที่ส่งคืนทั้งหมดจะต้องอยู่ในสภาพเดิมและบรรจุภัณฑ์และส่งกลับมาให้เราภายใน 14 วันหลังจากได้รับสินค้า
"If you have opted for guest checkout, please email customers-th@asics.com to process your returns.",หากคุณเลือกที่จะชำระเงินสำหรับแขข guest checkout โปรดส่งอีเมลถึ customers-th@asics.com เพื่อดำเนินการส่งคืนสินค้าของคุณ
"Please click Update Shopping Cart to confirm the change.","หลังเปลี่ยนจำนวนสินค้า กรุณากดปุ่มอัพเดทข้อมูลในตระกร้าสั่งซื้อ"
"STORE","ร้านค้า"
"WISH LIST","รายการที่ชอบ"
"BAG","กระเป๋า"
"Be the first to hear about new products, exclusive events and online offers.","รับข่าวสารเกี่ยวกับสินค้าใหม่ งานอีเว้นท์สุดพิเศษ และโปรโมชั่นออนไลน์ก่อนใคร"
"Clear Filter","ยกเลิกการกรองข้อมูล"
"Stored Credit/Debit Cards","บัตรเครดิต/ บัตรเดบิตที่บันทึกไว้"
"Expiration Date","วันหมดอายุ",
"You have no stored cards.","ไม่มีข้อมูลบัตรที่บันทึกไว้"
"Amount to pay","จำนวนที่ต้องชำระ"
"Please follow the link to find payment instructions","กรุณาไปยังลิ้งก์นี้เพื่ออ่านคำแนะนำด้านการชำระเงิน"
"Payment Instructions","คำแนะนำด้านการชำระเงิน"
"PayNow QR Code.","รหัสคิวอาร์สำหรับชำระทันที"
"Print","พิมพ์"
"To finish payment, print the code below and bring it to make payment in any Tesco Lotus Store. Code is valid for the next <b>24 hours only</b>. After that time your order will be canceled.","กรุณาพิมพ์รหัสด้านล่างนี้แล้วนำไปชำระที่ร้านเทสโก้โลตัสสาขาใดก็ได้ รหัสมีอายุการใช้งาน <b>24 ชั่วโมงเท่านั้น</b> หากเลยเวลาดังกล่าว คำสั่งซื้อของท่านจะถูกยกเลิก"
"Tesco Lotus Payment","ชำระผ่านเทสโก้โลตัส"
"Option available only for orders in SGD","ตัวเลือกนี้สามารถใช้ได้เฉพาะกรณีที่สั่งซื้อด้วยหน่วยเงินดอลล่าร์สิงคโปร์เท่านั้น"
"Option available only for orders in THB","ตัวเลือกนี้สามารถใช้ได้เฉพาะกรณีที่สั่งซื้อด้วยหน่วยเงินบาทเท่านั้น"
"Choose your installment terms","เลือกรูปแบบการผ่อนชำระ"
"Krungthai Card","บัตรกรุงไทย"
"We received too many requests for password resets. Please wait and try again later or contact %1.","เราได้รับคำร้องเพื่อขอเปลี่ยนรหัสผ่านจำนวนหลายครั้ง กรุณารอสักครู่แล้วจึงลองใหม่อีกครั้ง หรือกรุณาติดต่อมายัง %1"
"We can't add this item to your shopping cart right now.","เราไม่สามารถเพิ่มสินค้านี้ลงในรถเข็นได้ในขณะนี้"
"The required options you selected are not available.","ตัวเลือก(แบบจำเป็นต้องเลือก)ที่คุณได้เลือกไว้นั้นไม่มีแล้ว"
"Please specify product option(s).","กรุณาระบุรายละเอียดสินค้า"
"The options you selected are not available.","ตัวเลือกที่คุณได้เลือกไว้นั้นไม่มีแล้ว"
"An unspecified error occurred. Please contact us for assistance.","เกิดความผิดพลาดที่ไม่ทราบสาเหตุ กรุณาติดต่อเราเพื่อขอความช่วยเหลือ"
"Item qty declaration error","เกิดความผิดพลาดในการแสดงจำนวนสินค้า"
"Some of the selected options are not currently available.","ตัวเลือกบางตัวที่คุณได้เลือกนั้นไม่มีในขณะนี้"
"We found an item options declaration error.","เราพบความผิดพลาดในการแสดงรายละเอียดสินค้า"
"Some of the products below do not have all the required options.","สินค้าบางรายการที่ระบุด้านล่างนี้ยังมีข้อมูลไม่ครบ"
"Something went wrong during the item options declaration.","ระบบเกิดความผิดพลาดขณะแสดงรายละเอียดสินค้า"
"Selected option(s) or their combination is not currently available.","ตัวเลือกหรือคู่ของตัวเลือกที่คุณได้เลือกไว้นั้นไม่มีในขณะนี้"
"Your order is pending payment processing.","คำสั่งซื้อของคุณอยู่ในขั้นตอนรอชำระเงิน"
"If there is an account associated with %1 you will receive an email with a link to reset your password.","หากมีบัญชีที่เชื่อมโยงกับ %1 คุณจะได้รับอีเมลพร้อมลิงก์สำหรับรีเซ็ตรหัสผ่านของคุณ"
"First Choice","เฟิร์สช้อยส์"
"Kasikorn Bank","ธนาคารกสิกรไทย"
"Bangkok Bank","ธนาคารกรุงเทพ"
"Siam Commercial Bank","ธนาคารไทยพาณิชย์"
"True Money Phone Number","หมายเลขโทรศัพท์ทรูมันนี่"
"Remember this card","บันทึกข้อมูลบัตรใบนี้"
"Are you sure you want to delete this card?","ท่านยืนยันที่จะลบข้อมูลบัตรนี้ใช่หรือไม่"
"Minimum order value is %amount","มูลค่าคำสั่งซื้อขั้นต่ำคิดเป็น%amount"
"%terms months (%amount / month)","สัญญาระยะ (%amount / เดือน)"
"Type","ประเภท"
"FLAGSHIP STORE","ร้านแฟลกชิพ"
"E-mail Address","ที่อยู่อีเมล"
"%1 and above","%1 ขึ้นไป"
"LOGIN / REGISTER","เข้าสู่ระบบ / ลงทะเบียน"
"SHOPPING BAG","กระเป๋าช้อปปิ้ง"
"SEARCH...","ค้นหา"
"Invalid login or password.","อีเมลหรือรหัสผ่านไม่ถูกต้อง</br>เราได้ทำการอัพเดทระบบอีคอมเมิร์ซใหม่เมื่อไม่นานมานี้ หากท่านเป็นสมาชิกเดิม กรุณากดปุ่ม "ลืมรหัส" เพื่อทำการตั้งรหัสผ่านใหม่"
"The account sign-in was incorrect or your account is disabled temporarily. Please wait and try again later.","อีเมลหรือรหัสผ่านไม่ถูกต้อง</br>เราได้ทำการอัพเดทระบบอีคอมเมิร์ซใหม่เมื่อไม่นานมานี้ หากท่านเป็นสมาชิกเดิม กรุณากดปุ่ม "ลืมรหัส" เพื่อทำการตั้งรหัสผ่านใหม่"
"Promotion Discount:","ส่วนลดโปรโมชั่น:"
"Order Method:","วิธีสั่งซื้อ:"
"Your order is pending payment processing.","คำสั่งซื้อของคุณอยู่ในขั้นตอนรอชำระเงิน"
"If you have any additional questions or concerns, please feel free to contact us at <a href="mailto:%store_email">%store_email</a>.","หากคุณมีคำถามเพิ่มเติมหรือมีข้อกังวล กรุณาติดต่อเราได้ที่ <a href="mailto:%store_email">%store_email</a>"
"Once payment is confirmed, a confirmation email will be sent to","เมื่อการชำระเงินได้รับการยืนยันแล้ว ระบบจะจัดส่งอีเมลยืนยันไปยัง"
"Thank you for registering with %1.","Thank you for registering with Onitsuka Tiger"
"Order Status:","สถานะคำสั่งซื้อ:"
"Invalid login or password.","Invalid email or password.</br>เราได้ทำการอัพเดทระบบอีคอมเมิร์ซใหม่เมื่อไม่นานมานี้ หากคุณเป็นสมาชิกเดิม กรุณากดปุ่ม "ลืมรหัสผ่านของคุณใช่ไหม" เพื่อทำการตั้งรหัสผ่านใหม่"
"The account sign-in was incorrect or your account is disabled temporarily. Please wait and try again later.","Invalid email or password.</br>เราได้ทำการอัพเดทระบบอีคอมเมิร์ซใหม่เมื่อไม่นานมานี้ หากคุณเป็นสมาชิกเดิม กรุณากดปุ่ม "ลืมรหัสผ่านของคุณใช่ไหม" เพื่อทำการตั้งรหัสผ่านใหม่"
"You must confirm your account. Please check your email for the confirmation link or <a href="%1">click here</a> for a new link.","คุณต้องยืนยันบัญชีของคุณ โปรดตรวจสอบอีเมลของคุณเพื่อดูลิงก์ยืนยันหรือ <a href="%1"> คลิกที่นี่ </a> เพื่อดูลิงก์ใหม่"
"Please select valid date","โปรดเลือกวันที่ที่ถูกต้อง"
"We have received your return request.","เราได้รับคำร้องขอคืนสินค้าจากคุณแล้ว"
"For Home Delivery orders, please note that the Return Form included in your order has to be filled up and inserted into your return parcel in order to process your return. We will be contacting you to arrange for the item(s) to be picked up for return with details on the return shipping label. Before the pick up, pack your return item(s) into the original packaging and paste the return shipping label on the return parcel.","สำหรับการสั่งซื้อแบบจัดส่งถึงบ้าน โปรดทราบว่าเราแนบแบบฟอร์มการขอคืนสินค้าไปพร้อมกับสินค้าของคุณด้วย โปรดกรอกแบบฟอร์ม แล้วแนบมาในพัสดุที่ต้องการคืน เราจะติดต่อคุณเพื่อจัดหาเวลาเพื่อรับสินค้าคืน พร้อมกับรายละเอียดเกี่ยวกับป้ายกำกับสำหรับการจัดส่งสินค้าคืน ก่อนที่จะรับสินค้าคืน กรุณาบรรจุสินค้าที่ต้องการส่งคืนลงในบรรจุภัณฑ์เดิม และติดป้ายกำกับการจัดส่งสินค้าคืนลงบนพัสดุ"
"If you did not raise a return request, you are receiving this email due to the unforeseen circumstance of not being about to deliver the item(s) to you successfully.","หากคุณไม่ได้ยื่นคำร้องขอคืนสินค้า คุณได้รับอีเมลฉบับนี้เนื่องด้วยปัจจัยบางประการที่ทำให้เราไม่สามารถส่งสินค้าให้คุณได้สำเร็จ"
" Code",""
"Your Onitsuka Tiger order has been shipped %order_id","Your Onitsuka Tiger order has been shipped"
"Are you sure you want to remove all items from your shopping cart?","คุณแน่ใจหรือไม่ว่าคุณต้องการนำสินค้าทั้งหมดที่อยู่ในตะกร้าออก?"
"Cancel","ยกเลิก"
"OK","ตกลง"
"Please Select Condition for","กรุณาเลือกตัวเลือกที่ตรงกับคุณ"
"Return Reason","เหตุผลการคืนสินค้า"
"Item Condition","สภาพของสินค้า"
"Select item to return","เลือกสินค้าที่ต้องการคืน"
"Qty to be returned","จำนวนสินค้าที่ต้องการคืน"
